TimeStamp;PTS1;PTS2;PTS3;PTS4;PTS5;PTS6;PTS7;PTS8;PTS9;PTS10;PTS11;PTS12;PTS13;PTS14;PTS15;PTS16;PTS17;PTS18;PTS19;PTS20;PTS21;PTS22;PTS23;PTS24;PTS25;PTS26;PTS27;PTS28;PTS29;PTS30;PTS31;PTS32;PTS33;PTS34;PTS35;PTS36;PTS37;PTS38;PTS39;PTS40;PTS41;PTS42;PTS43;PTS44;PTS45;PTS46;PTS47;PTS48;PTS49;PTS50;PTS51;PTS52;PTS53;PTS54;PTS55;PTS56;PTS57;PTS58;PTS59;PTS60;PTS61;PTS62;PTS63;PTS64;PTS65;PTS66;PTS67;PTS68;PTS69;PTS70;PTS71;PTS72;PTS73;PTS74;PTS75;PTS76;PTS77;PTS78;PTS79;PTS80;PTS81;PTS82;PTS83;PTS84;PTS85;PTS86;PTS87;PTS88;PTS89;PTS90;PTS91;PTS92;PTS93;PTS94;PTS95;PTS96;PTS97;PTS98;PTS99;PTS100;PTS101;PTS102;PTS103;PTS104;PTS105;PTS106;PTS107;PTS108;PTS109;PTS110;PTS111;PTS112;PTS113;PTS114;PTS115;PTS116;PTS117;PTS118;PTS119;PTS120;PTS121;PTS122;PTS123;PTS124;PTS125;PTS126;PTS127;PTS128;PTS129;PTS130;PTS131;PTS132;PTS133;PTS134;PTS135;PTS136;PTS137;PTS138;PTS139;PTS140;PTS141;PTS142;PTS143;PTS144;PTS145;PTS146;PTS147;PTS148;PTS149
1986-04-07;0;;;1;;0;;0;1;;;;;;;;;1;;;;;;;1;0;;;1;;;1;0;0;1;;;;1;1;;1;0;;0;;1;0;1;1;1;0;1;1;0;1;;0;1;;;1;;1;1;1;0;;;;;0;1;;;;0;1;;;1;;1;;;1;1;;;1;1;1;0;0;1;;1;;1;;;;;1;;;0;;1;;1;;1;;0;;1;;;0;1;0;0;;0;1;;;0;;;;;0;1;0;;0;0;0;0;1;1;1;1;1;0;1;0
1986-05-25;1;1;0;1;0;0;;0;1;;;1;;;0;;;1;;;;;;;0;0;1;0;1;1;0;0;0;0;1;;0;1;1;1;;1;0;;0;0;0;0;1;1;1;0;1;1;0;1;;0;1;0;0;0;;1;1;1;0;1;1;1;0;0;1;0;;;0;1;0;;1;1;1;0;1;1;1;;1;1;1;1;0;0;1;0;1;1;0;;1;;0;1;;0;0;0;1;1;0;1;1;;0;0;1;0;;0;1;0;0;;0;0;;1;0;0;1;1;1;0;1;0;;0;0;1;1;1;1;1;1;1;1;1;1
1986-11-17;0;0;0;0;1;0;;0;0;;;1;;;0;;;0;;;;;;;0;0;1;0;0;0;0;0;0;0;1;;0;0;0;0;;1;0;;0;0;1;1;1;0;0;0;0;0;0;0;;0;1;0;0;0;;1;0;0;0;0;1;1;0;0;1;0;;;0;0;0;;1;1;1;0;0;0;1;;0;0;0;1;0;0;0;;0;1;0;;0;;0;1;;0;0;0;0;0;0;1;1;;0;0;1;0;;0;0;0;0;;0;0;;0;0;0;1;0;0;0;0;0;;0;0;0;1;0;0;0;0;0;1;1;0
1986-12-19;0;1;0;1;1;;;0;0;;0;;0;;0;;;1;;;;;;;1;0;1;0;0;1;1;0;;0;;;0;1;;1;;1;0;0;0;0;0;1;1;0;0;0;0;0;0;1;;0;;0;0;0;;1;0;0;0;0;;1;1;0;1;0;;;0;0;0;;1;1;1;0;1;0;1;;0;1;1;1;0;0;;0;1;1;0;;1;;0;1;;0;0;0;;0;0;;1;;0;0;1;;;0;0;0;1;;0;0;;;;;;;1;0;0;0;;0;1;0;1;1;0;0;0;;1;1;1
1987-02-21;0;1;0;0;1;0;;0;1;;;1;;;0;;;0;;;;;;;0;0;1;0;0;0;0;0;0;0;0;;0;1;1;0;;0;0;;0;0;0;0;0;0;0;0;0;0;0;0;;0;1;0;0;0;;1;0;0;0;0;1;1;0;0;1;0;;;0;0;0;;1;1;0;0;1;0;1;;0;0;0;1;0;0;0;0;0;1;0;;0;;0;1;;0;0;0;1;0;0;1;1;;0;0;0;0;;0;1;0;0;;0;0;;0;0;0;1;0;0;0;1;0;;0;1;0;1;0;0;0;1;0;0;1;0
1989-06-18;0;0;0;1;1;0;;0;0;;;1;;;0;;;1;;;;;;;0;0;1;;0;1;0;0;0;0;1;;0;1;1;1;;0;0;;0;0;0;0;0;0;0;0;1;0;0;1;;0;1;0;0;0;;1;1;1;0;0;0;0;1;0;1;0;;;0;0;0;;1;1;0;0;1;1;1;;1;1;1;1;0;0;0;;1;1;0;;0;;0;1;;0;0;0;1;1;;1;1;;0;0;0;0;;;0;0;0;;0;0;;1;0;0;1;1;1;0;1;0;;0;0;0;0;1;0;1;1;0;1;1;0
1989-07-20;0;0;0;1;0;0;;0;;;;1;;;0;;;1;;;;;;;0;0;1;0;;1;0;0;0;;1;;0;1;1;0;;0;;;0;0;0;0;0;;0;0;;0;0;0;;;1;0;0;0;;1;1;1;0;0;1;0;1;0;0;0;;;0;0;0;;1;1;0;0;1;0;1;;0;;0;1;0;;0;;0;0;0;;0;;0;1;;0;0;0;1;1;0;1;1;;0;0;1;0;;0;;0;0;;0;0;;1;0;0;0;0;1;0;;;;;;;;;;;;0;1;1;0
1989-08-21;0;0;0;1;0;0;;0;0;;;1;;;0;;;1;;;;;;;0;0;1;0;0;1;0;0;0;0;1;;0;0;1;0;;0;0;;0;0;0;0;0;0;0;0;0;0;0;0;;0;1;0;0;0;;1;1;0;0;0;1;0;1;0;1;0;;;0;0;0;;1;1;1;0;1;0;0;;1;0;0;1;0;0;0;0;0;1;0;;0;;0;1;;0;0;0;1;1;0;1;1;;0;0;1;1;;0;0;0;0;;0;0;;1;0;0;0;0;0;0;1;1;;0;0;0;0;1;0;1;1;0;1;1;0
1989-09-22;0;0;0;0;1;0;;0;0;;;;;;0;;;1;;;;;;;0;0;1;;0;1;0;0;0;0;1;;0;0;0;0;;0;0;;0;0;0;0;0;0;0;0;1;0;0;0;;0;1;0;0;0;;1;1;0;0;0;1;0;1;0;1;0;;;0;0;0;;1;1;1;0;0;0;0;;1;0;0;1;0;0;0;;0;0;0;;0;;;1;;0;0;0;0;1;0;1;1;;0;0;0;0;;;0;0;0;;0;0;;1;0;0;0;0;0;1;0;0;;0;0;0;0;1;0;1;1;0;1;1;0
1989-11-25;0;0;0;1;0;0;;0;0;;;;;;0;;;0;;;;;;;0;0;1;;0;0;0;0;0;0;0;;0;1;1;0;;0;0;;;0;0;0;0;;;0;0;0;0;0;;0;1;1;0;0;;1;0;1;0;0;1;;1;0;1;0;;;0;0;0;;1;1;1;0;0;;0;;0;0;0;0;0;0;1;;0;1;0;;0;;;1;;0;;0;0;0;0;1;1;;0;0;1;0;;;0;;0;;0;0;;1;0;0;0;1;0;0;0;0;;0;0;0;0;0;0;0;0;0;1;1;0
1989-12-11;0;0;0;;;0;;0;;;;1;;;0;;;;;;;;;;;0;1;;;;0;0;0;;1;;0;1;1;0;;;;;0;0;0;0;;;;;;0;0;0;;;1;0;0;;;1;1;1;;;1;0;1;0;1;0;;;0;1;0;;1;1;1;0;1;;0;;;;;1;1;0;1;;0;1;0;;0;;0;1;;0;0;;0;0;;;1;;0;0;1;;;;;;;;0;0;;1;0;0;0;1;0;0;;;;;;;;;;;;0;0;1;
1990-03-01;0;1;0;1;1;0;;0;0;;;1;;;1;;;0;;;;;;;0;0;1;0;0;0;0;0;0;0;1;;0;1;1;0;;1;0;;0;0;0;0;0;1;1;0;1;0;0;1;;1;1;1;0;0;;1;0;0;0;0;1;1;1;0;1;0;;;0;1;0;;1;1;1;0;1;0;1;;1;1;1;1;0;0;1;1;1;1;0;;0;;0;1;;0;0;0;1;0;0;1;1;;0;0;0;1;;0;1;1;0;;1;0;;1;0;0;0;1;0;0;1;1;;1;0;0;1;1;0;1;1;0;1;1;1
1990-03-17;0;1;0;1;1;0;;0;0;;;1;;;1;;;0;;;;;;;0;0;1;0;0;0;0;0;0;0;1;;0;1;1;1;;1;0;;0;0;0;0;0;1;1;0;1;0;0;1;;1;1;1;0;0;;1;1;0;0;0;1;1;1;0;1;0;;;0;0;0;;1;1;1;0;1;1;1;;1;1;1;1;0;0;1;1;1;1;0;;0;;0;1;;0;0;0;1;0;0;1;1;;0;0;0;0;;0;1;1;0;;0;0;;1;0;0;0;1;0;0;1;1;;1;0;0;1;1;0;1;1;0;1;1;0
1990-04-18;1;1;0;1;1;0;;0;0;;;1;;;0;;;0;;;;;;;0;0;1;0;0;0;0;0;0;0;1;;0;1;1;1;;1;0;;0;0;0;0;0;1;1;0;1;1;0;1;;0;1;0;0;0;;1;1;1;0;0;1;1;1;0;1;0;;;0;0;0;;1;1;1;0;1;1;1;;0;1;1;1;0;0;1;0;1;1;0;;0;;0;1;;0;0;0;1;0;0;1;1;;0;0;0;0;;0;1;1;0;;0;1;;1;0;0;0;1;0;0;1;1;;1;0;0;1;1;0;1;1;1;1;1;1
1990-05-04;1;1;0;1;0;0;;0;0;;;1;;;0;;;0;;;;;;;0;0;1;;0;0;0;0;0;0;1;;0;1;1;0;;1;0;;0;0;0;0;0;1;1;0;1;0;0;0;;0;1;0;0;0;;1;1;0;0;0;0;1;0;0;1;0;;;0;0;0;;0;1;1;0;1;1;1;;0;0;1;1;0;0;1;;1;1;0;;0;;0;1;;0;0;0;1;0;0;1;1;;0;0;0;0;;0;1;1;0;;0;0;;1;0;0;0;1;0;0;1;1;;1;0;0;1;1;0;1;1;0;0;1;0
1990-06-05;0;1;0;1;0;0;;0;0;;;1;;;0;;;0;;;;;;;0;0;1;0;0;0;0;0;0;0;1;;0;1;1;0;;1;0;;0;0;0;0;0;1;1;0;1;1;0;0;;1;1;0;0;0;;1;0;0;0;0;0;1;0;0;1;0;;;0;0;0;;0;1;0;0;1;0;1;;0;1;0;1;0;0;1;0;1;0;0;;0;;0;1;;0;0;0;1;0;0;1;1;;0;0;0;0;;0;1;1;0;;0;0;;1;0;0;0;1;0;0;1;1;;1;0;0;1;1;0;1;1;0;0;1;0
1990-06-21;0;1;0;1;0;0;;0;0;;;1;;;0;;;0;;;;;;;0;0;1;0;0;0;0;0;0;0;1;;0;1;1;0;;1;0;;0;0;0;0;0;1;1;0;1;0;0;0;;0;1;0;0;0;;1;0;0;0;0;0;1;0;0;0;0;;;0;0;0;;0;1;0;0;1;1;1;;1;1;0;1;0;0;1;0;1;1;0;;0;;0;1;;0;0;0;1;0;0;1;1;;0;0;0;0;;0;1;0;0;;0;0;;1;0;0;0;0;0;0;1;1;;1;0;0;1;1;0;1;1;0;0;1;0
1990-07-23;0;1;0;0;0;0;;0;0;;;1;;;0;;;0;;;;;;;0;0;1;0;0;0;0;0;0;0;1;;0;0;1;0;;1;0;;0;0;0;0;0;1;0;0;0;0;0;0;;0;1;0;0;0;;1;0;0;0;0;0;0;0;0;1;0;;;0;0;0;;0;0;0;0;1;0;0;;0;0;0;1;0;0;0;0;0;0;0;;0;;0;1;;0;0;0;1;0;0;1;1;;0;0;0;0;;0;0;0;0;;0;0;;1;0;0;0;0;0;0;1;1;;1;0;0;1;1;0;1;1;0;0;1;0
1990-09-25;0;0;0;0;0;0;;0;0;;;0;;;0;;;0;;;;;;;0;0;0;0;0;0;0;0;0;0;0;;0;0;0;0;;0;0;;0;0;0;0;0;1;0;0;1;0;0;0;;0;1;0;0;0;;1;0;0;0;0;1;0;0;0;1;0;;;0;0;0;;0;0;0;0;1;0;0;;0;0;0;1;0;0;0;0;0;1;0;;0;;0;1;;0;0;0;0;0;0;1;1;;0;0;0;0;;0;0;0;0;;0;0;;1;0;0;0;0;0;0;0;0;;0;0;0;0;1;0;1;1;0;0;1;0
1990-10-11;0;1;0;0;0;0;;0;0;;;0;;;0;;;0;;;;;;;0;0;0;0;0;0;0;0;0;0;0;;0;0;0;0;;0;0;;0;0;1;0;0;1;0;0;1;0;0;0;;0;1;0;0;0;;1;0;0;0;0;1;;1;0;1;0;;;0;0;0;;0;0;1;0;1;0;0;;0;0;0;1;0;0;0;0;0;0;0;;0;;0;1;;0;0;0;0;0;0;1;1;;0;0;0;0;;0;0;0;0;;0;0;;1;0;0;0;0;0;0;0;0;;0;0;0;0;0;0;1;1;0;0;1;0
1990-10-27;0;0;0;0;0;0;;0;0;;;0;;;0;;;0;;;;;;;0;0;0;0;0;0;0;0;0;0;0;;0;0;0;0;;0;0;;0;0;0;0;0;1;0;0;0;0;0;0;;0;1;0;0;0;;1;0;0;0;0;1;0;1;0;0;0;;;0;0;0;;0;1;0;0;0;0;0;;0;0;0;0;0;0;0;0;0;0;0;;0;;0;1;;0;0;0;0;0;0;1;0;;0;0;0;0;;0;0;0;0;;0;0;;0;0;0;0;0;0;0;0;0;;0;0;0;0;0;0;0;0;0;0;0;0
1990-11-28;0;0;;0;0;0;;0;0;;0;1;0;;;;;;;;;;;;;0;0;1;0;0;;0;0;0;1;;0;0;0;;;0;0;0;0;0;;0;0;1;1;0;0;0;0;0;;0;1;0;0;0;;1;0;0;0;0;;0;1;0;0;0;;;0;0;0;;0;1;0;0;0;1;0;;0;0;0;0;0;0;;1;;;0;;0;;0;1;;0;1;0;0;0;0;1;0;;0;0;0;0;;0;1;1;0;;0;0;;0;0;0;0;;0;0;0;0;;0;0;0;0;0;0;0;0;0;0;0;0
1990-12-30;0;1;0;0;1;0;;0;0;;;1;;;1;;;1;;;;;;;1;0;;0;0;1;;0;1;0;1;;0;;1;0;;1;;;0;0;0;0;0;1;1;0;0;0;0;1;;0;1;0;0;0;;1;0;0;0;0;;0;1;0;1;0;;;0;0;0;;1;1;1;0;;1;0;;0;0;0;1;0;0;1;1;0;1;1;;1;;0;1;;0;;0;1;0;0;1;1;;0;0;0;0;;0;1;1;0;;0;0;;;0;;0;1;0;0;0;0;;0;0;0;0;0;0;0;0;0;1;1;0
1991-03-04;0;1;0;1;0;0;;0;1;;;1;;;1;;;;;;;;;;;0;1;0;1;1;0;1;0;0;1;;0;1;1;1;;1;1;;0;0;0;0;1;1;1;0;1;0;0;1;;1;1;0;0;;;1;1;1;0;0;0;0;1;0;1;0;;;0;0;1;;1;1;1;0;1;;1;;;1;1;1;0;1;0;;1;1;0;;1;;0;1;;0;1;;1;0;0;1;1;;0;0;0;;;;1;;0;;0;0;;1;0;0;0;1;0;0;1;1;;1;1;1;1;1;1;0;1;0;1;1;1
1991-03-20;0;1;0;1;0;0;;0;1;;;1;;;1;;;1;;;;;;;1;1;1;1;1;1;0;1;1;0;1;;0;1;1;1;;1;0;;0;1;1;1;1;1;;0;1;1;1;1;;1;1;1;0;0;;1;1;1;0;0;1;1;1;0;1;1;;;0;;1;;0;1;1;0;1;;1;;1;1;1;1;0;0;1;;1;1;1;;0;;1;1;;0;;0;1;0;0;1;1;;1;0;1;0;;;1;1;0;;0;1;;1;0;1;1;1;1;0;1;1;;1;1;1;1;1;1;0;1;1;1;1;1
1991-04-05;0;1;0;1;0;0;;0;1;;;1;;;1;;;0;;;;;;;1;0;1;0;1;0;0;0;0;0;1;;0;1;1;1;;1;1;;0;0;0;0;1;1;1;0;1;0;0;1;;1;1;1;0;0;;1;1;1;0;0;1;1;1;0;1;0;;;0;0;0;;1;1;1;1;1;1;1;;1;1;1;1;0;0;1;0;1;1;0;;0;;0;1;;0;1;0;1;0;0;1;1;;1;0;0;0;;0;1;1;0;;0;1;;1;0;0;1;1;0;0;1;1;;1;1;1;1;1;1;1;1;0;1;1;1
1991-04-21;0;1;0;1;0;0;;0;1;;;1;;;1;;;0;;;;;;;1;0;1;0;;0;0;0;0;0;1;;0;1;1;1;;1;1;;0;0;0;0;1;1;1;0;1;0;0;0;;1;1;1;0;0;;1;1;1;0;0;1;1;1;0;1;0;;;0;0;0;;0;1;1;0;1;1;1;;1;;1;1;0;0;1;0;1;1;0;;0;;0;1;;0;0;0;1;0;0;1;1;;1;0;0;0;;0;1;1;0;;0;0;;1;0;0;0;1;0;0;1;1;;1;1;1;1;1;1;0;1;0;1;1;1
1991-06-24;0;1;0;1;0;0;;0;1;;0;1;;;0;;;0;;;;;;;0;0;1;0;1;1;0;0;0;0;1;;0;1;1;1;;1;0;0;0;0;0;0;0;1;0;0;1;0;0;0;;1;1;0;0;0;;1;1;0;0;0;0;1;0;0;0;0;;;0;0;0;;0;0;0;0;1;1;1;;1;1;0;1;0;0;1;0;1;1;0;;0;;0;1;;0;0;0;1;0;0;1;0;;0;0;0;0;;0;1;0;0;;0;0;;0;0;0;0;1;0;0;1;1;;1;1;1;1;1;1;1;1;0;0;1;0
1991-07-10;0;1;0;1;0;0;;0;1;;0;1;;;1;;;0;;;;;;;0;0;1;0;1;0;0;0;0;0;1;;0;1;1;0;;1;0;0;0;0;0;0;0;1;0;0;0;0;0;0;;1;1;0;0;0;;1;0;0;0;0;0;1;0;0;1;0;;;0;0;0;;0;0;0;0;1;1;1;;1;1;0;1;0;0;0;0;1;1;0;;0;;0;1;;0;0;0;1;0;0;1;0;;0;0;0;0;;0;1;0;0;;0;0;;0;0;0;0;1;0;0;1;1;;1;1;1;1;1;1;1;1;0;0;1;0
1991-07-26;0;0;0;1;0;0;;0;1;;0;1;0;;1;;;1;;;;;;;0;0;1;0;1;0;0;0;0;0;1;;0;1;1;1;;0;0;0;0;0;0;0;0;1;0;0;0;0;0;0;;1;1;0;0;0;;1;1;0;0;0;0;1;0;0;1;0;;;0;0;0;;0;0;0;0;1;1;1;;1;1;0;1;0;0;1;0;0;1;0;;0;;0;1;;0;0;0;1;0;0;1;0;;0;0;0;0;;0;1;0;0;;0;0;;0;0;0;0;1;0;0;1;1;;1;1;1;1;1;1;1;1;0;0;0;0
1991-08-11;0;1;0;1;0;0;;0;1;;;1;;;0;;;0;;;;;;;0;0;1;0;0;0;0;0;0;0;1;;0;1;1;0;;0;0;;0;0;0;0;0;1;0;0;1;0;0;0;;1;1;0;0;0;;1;0;0;0;0;1;1;1;0;1;0;;;0;0;0;;0;0;0;0;1;1;1;;1;1;0;1;0;0;0;0;0;1;0;;0;;0;1;;0;0;0;1;0;0;1;0;;0;0;0;1;;0;1;0;0;;0;0;;0;0;0;0;1;0;0;1;1;;1;1;1;1;1;1;1;1;0;0;1;0
1991-09-28;0;0;0;0;0;;;0;1;;;1;;;0;;;0;;;;;;;0;0;0;0;0;0;0;0;0;0;0;;0;1;0;0;;0;0;;0;0;0;0;0;1;0;0;1;0;0;0;;1;0;0;0;0;;1;0;0;0;0;0;0;0;0;0;0;;;0;0;0;;0;1;0;0;1;0;0;;0;0;0;0;0;0;0;0;1;0;0;;0;;0;1;;0;0;0;0;0;0;1;0;;0;0;0;0;;0;1;0;0;;0;0;;0;0;0;0;0;0;0;0;0;;0;1;0;0;1;1;0;1;0;0;0;0
1991-10-30;0;0;0;0;0;0;;0;1;;;0;;;0;;;0;;;;;;;0;0;0;0;0;0;0;0;0;0;0;;0;1;0;0;;0;0;;0;0;0;0;0;1;0;0;1;0;0;0;;0;0;0;0;0;;1;0;0;0;0;0;0;0;0;0;0;;;0;0;0;;0;1;0;0;1;0;0;;0;0;0;1;0;0;0;0;0;0;0;;0;;0;1;;;0;0;0;0;0;1;0;;0;0;0;0;;0;1;0;0;;0;0;;0;0;0;0;0;0;0;0;0;;0;0;0;0;0;0;0;0;0;0;0;0
1992-04-07;0;1;0;1;0;1;;0;1;;;1;;;1;;;1;;;;;;;1;0;1;0;0;1;0;0;0;0;1;;0;1;1;1;;1;0;;0;0;0;0;1;1;1;0;1;0;0;1;;1;1;1;0;0;;1;1;1;0;0;1;1;0;0;0;0;;;0;1;0;;1;1;0;0;1;1;1;;1;1;1;1;0;0;0;0;1;1;0;;1;;0;1;;0;0;0;1;1;1;1;1;;0;0;0;1;;0;1;1;0;;0;0;;1;0;0;1;1;0;0;1;1;;1;1;1;1;1;1;0;1;1;0;1;0
1992-06-26;0;1;0;0;0;1;;0;1;;;1;;;0;;;1;;;;;;;0;0;0;0;0;1;0;0;0;0;0;;0;1;1;0;;0;0;;0;0;0;0;0;1;1;0;1;0;0;0;;1;1;0;0;0;;1;0;0;0;0;0;1;0;0;0;0;;;0;0;0;;0;0;0;0;1;1;1;;1;0;0;1;0;0;0;0;0;0;0;;1;;0;1;;0;0;0;1;1;0;1;1;;0;0;0;1;;0;0;0;0;;0;0;;1;0;0;1;1;0;0;0;1;;0;1;0;1;1;0;1;1;0;0;1;0
1992-08-29;0;0;0;0;0;1;;0;0;;;;;;0;;;1;;;;;;;0;0;0;0;0;1;0;0;0;0;0;;0;1;1;0;;0;0;;0;1;0;0;0;1;0;0;0;0;0;0;;0;1;0;0;0;;1;0;0;0;0;1;;0;0;1;0;;;0;0;0;;0;0;0;0;1;0;0;;1;0;0;1;0;0;0;0;0;1;0;;1;;0;1;;0;0;0;0;;;;1;;0;0;0;1;;0;0;0;0;;0;0;;1;0;0;1;1;0;1;0;0;;0;1;0;0;0;0;0;0;0;0;1;0
1992-09-14;0;1;0;0;0;1;;0;0;;;1;;;0;;;0;;;;;;;0;0;0;0;0;1;0;0;0;0;0;;0;1;0;0;;0;0;;0;0;0;0;0;1;0;0;0;0;0;0;;0;1;0;0;0;;1;0;0;0;0;1;0;0;0;1;0;;;0;0;0;;0;0;0;0;1;0;0;;1;0;0;0;0;0;0;0;0;1;0;;1;;0;1;;0;0;0;0;;0;1;1;;0;0;0;0;;0;0;0;0;;0;0;;1;0;0;1;1;0;1;0;0;;0;0;0;0;0;0;0;0;0;0;1;0
1992-12-03;0;0;0;1;1;0;;0;1;;0;0;;;0;;;1;;;;;;;0;0;0;0;0;0;0;0;0;0;0;;0;0;1;0;;0;0;0;0;0;0;0;0;1;0;0;0;1;0;1;;0;0;0;0;0;;1;0;0;0;0;0;0;0;0;1;0;;;0;1;1;;0;1;0;0;0;0;1;;0;0;0;1;0;0;0;0;0;1;0;;1;;0;1;;0;0;0;0;1;0;1;0;;0;0;0;0;;0;0;0;0;;0;0;;0;0;0;1;1;0;0;0;1;;0;0;0;1;0;0;0;0;0;1;0;0
1993-05-28;0;1;0;1;0;0;;0;0;;;0;;;0;;;1;;;;;;;0;0;1;0;0;0;0;0;0;0;1;;0;1;1;1;;0;0;;0;0;0;0;1;1;1;0;1;0;0;0;;0;0;1;0;0;;1;1;0;0;0;0;1;0;0;0;0;;;0;1;0;;1;1;0;0;1;0;1;;0;;0;1;0;0;1;0;0;1;0;;1;;0;1;;0;0;0;1;0;0;1;1;;0;0;0;0;;0;;1;0;;0;0;;1;0;0;1;1;1;0;1;1;;0;0;0;1;1;1;1;1;0;1;1;0
1993-06-13;0;1;0;1;0;0;;0;0;;;0;;;0;;;1;;;;;;;0;0;1;0;0;0;0;0;0;0;1;;0;1;1;1;;0;0;;0;0;0;0;1;0;1;0;0;0;0;0;;0;0;0;0;0;;1;1;0;0;0;0;1;0;0;0;0;;;0;1;0;;1;1;0;0;1;0;1;;0;0;0;1;0;0;0;0;0;1;0;;1;;0;0;;0;0;0;1;0;0;1;1;;0;0;0;0;;0;0;1;0;;0;0;;0;0;0;1;1;0;0;1;0;;0;0;0;1;1;1;1;1;0;0;1;0
1993-08-16;0;0;0;0;0;0;;0;0;;;;;;0;;;0;;;;;;;0;0;1;;0;0;0;0;0;0;0;;0;0;1;0;;0;0;;0;0;0;0;0;0;0;0;1;0;0;0;;0;1;0;0;0;;1;0;0;0;0;1;;0;0;0;0;;;0;0;0;;0;0;0;0;1;0;0;;0;0;0;1;0;0;0;;0;1;0;;0;;;1;;0;0;0;0;0;0;1;1;;0;0;0;0;;;0;0;0;;0;0;;0;0;0;1;0;0;0;0;0;;0;0;0;0;1;0;1;1;0;0;1;0
1993-09-01;0;1;0;0;0;0;;0;0;;;;;;0;;;0;;;;;;;0;0;1;;0;0;0;0;0;0;0;;0;0;1;0;;0;0;;0;0;0;0;0;0;0;0;1;0;0;0;;0;1;0;0;0;;1;0;0;0;0;1;0;0;0;0;0;;;0;0;0;;0;0;0;0;1;0;0;;0;0;0;1;0;0;0;;0;1;0;;0;;;1;;0;0;0;0;0;0;1;0;;0;0;0;0;;;0;0;0;;0;0;;0;0;0;1;0;0;0;0;0;;0;0;0;0;0;0;0;0;0;1;1;0
1993-09-17;0;1;0;0;0;0;;0;0;;;;;;0;;;0;;;;;;;0;0;1;;0;0;0;0;0;0;0;;0;0;1;0;;0;0;;0;0;0;0;0;0;0;0;0;0;0;0;;0;1;0;0;0;;1;0;0;0;0;1;0;0;0;0;0;;;0;0;0;;0;0;0;0;0;0;0;;0;0;0;1;0;0;0;;0;0;0;;0;;;1;;0;0;0;0;0;0;1;0;;0;0;0;0;;;0;0;0;;0;0;;0;0;0;1;0;0;0;0;0;;0;0;0;0;0;0;0;0;0;1;0;0
1994-03-28;0;1;0;0;0;0;;0;0;;;1;;;1;;;0;;;;;;;0;0;1;;0;1;0;0;0;0;1;;0;1;1;0;;0;0;;0;0;0;0;0;1;0;0;0;0;0;1;;0;1;1;0;0;;1;1;1;0;0;1;0;0;0;0;0;;;0;0;0;;1;0;0;0;1;1;0;;0;1;0;1;0;0;1;;1;1;0;;1;;0;1;;0;0;0;1;0;0;1;1;;0;0;1;0;;;0;1;0;;0;0;;1;0;0;1;1;0;0;1;0;;1;0;0;1;1;1;1;1;1;1;1;0
1994-04-13;0;1;0;0;0;0;;0;;;;1;;;1;;;0;;;;;;;0;0;1;;;1;0;0;0;;1;;0;1;1;0;;0;;;0;0;0;0;0;;0;0;;0;0;1;;;1;1;0;0;;1;1;0;0;0;1;0;0;0;0;0;;;0;0;0;;0;0;0;0;1;0;1;;0;;0;1;0;;1;;0;1;0;;1;;;1;;0;0;0;1;0;0;1;1;;0;0;0;0;;;;0;0;;0;0;;1;0;0;1;1;0;0;;;;;;;;;;;;0;1;1;0
1994-05-15;0;1;0;0;0;0;;0;0;;;0;;;1;;;0;;;;;;;0;0;1;0;0;1;0;0;0;0;1;;0;0;1;0;;0;0;;0;1;0;0;0;1;0;0;0;0;0;1;;1;0;1;0;0;;1;0;0;0;0;1;0;0;0;0;0;;;0;0;0;;0;0;0;0;1;0;0;;0;0;0;1;0;0;0;0;0;1;0;;1;;0;1;;0;0;0;1;0;0;1;1;;0;0;0;1;;0;0;0;0;;0;0;;1;0;0;1;1;0;0;1;1;;1;0;0;1;1;0;1;1;0;0;1;0
1994-08-03;0;0;0;0;0;0;;0;0;;;;;;0;;;0;;;;;;;0;0;0;;0;0;0;0;0;0;0;;0;0;0;1;;0;0;;0;0;0;0;0;1;0;0;1;0;;;;0;1;0;0;0;;1;;;0;0;0;;0;;1;0;;;;0;0;;;0;0;0;1;0;0;;0;0;0;0;0;0;0;;0;0;;;0;;;;;0;0;0;0;0;0;1;1;;0;0;;0;;;0;0;0;;0;0;;;0;0;0;1;0;;0;0;;0;0;0;0;0;0;0;0;0;0;;0
1994-11-23;0;0;0;0;0;1;;0;0;;;;;;0;;;;;;;;;;;0;0;;0;;0;;0;0;;;0;;0;;;0;;;;;0;0;;;;;0;0;0;0;;0;0;0;0;;;1;0;0;0;0;0;;0;0;0;0;;;0;;;;0;0;;0;;;0;;;0;0;1;0;1;0;;;0;0;;;;;1;;;;;;;0;;0;;0;;0;;;;0;;;;0;0;;0;;0;;;0;0;0;0;;0;0;0;1;0;0;0;0;0;0;;
1994-12-09;0;;;0;;;;;0;;;;;;;;;0;;;;;;;;0;;;;;;0;1;;;;;1;0;;;;;;;;;;0;1;;;;;;;;;;;;0;;1;;;;;;;;0;;1;;;0;0;;;0;;;;;0;1;;;;;;;;;;;;;;;;;;;;;0;;0;0;1;;;;;;1;;;;;;;;0;;;;;;;;;;;;;0;0;;;;;;0;;;1
1995-01-10;0;1;;;;;;0;0;;;;;;0;;;;;;;;;;;0;1;;1;;0;;;;;;0;1;;;;;;;;;0;0;;;;;;0;0;1;;;1;;;;;1;0;0;;;0;;;;;;;;0;;;;1;0;;;1;;;;;0;;1;1;;;;;1;0;;;;;1;;;;;;;0;;1;;;;0;;;;1;;;;;;;1;1;0;;;0;0;;;;;;0;;;;0;;;1;;
1995-01-26;0;1;0;0;1;0;;0;0;;;;;;1;;;1;;;;;;;0;0;0;;0;0;0;0;0;0;1;;0;1;1;1;;0;0;;;0;0;0;0;0;1;0;0;0;0;0;;0;1;0;0;0;;1;0;0;0;0;1;;1;0;0;0;;;0;0;0;;0;0;0;0;1;0;0;;0;0;0;1;0;0;0;;1;1;0;;0;;;1;;1;0;0;1;0;0;1;1;;0;0;0;0;;;0;0;0;;0;1;;0;0;0;1;1;0;0;1;1;;0;0;0;0;1;1;1;1;1;0;1;0
1995-03-15;0;0;0;1;1;0;;0;0;;;;;;0;;;0;;;;;;;0;0;0;;0;0;0;0;0;0;0;;0;1;0;1;;0;0;;;0;0;0;0;0;0;0;0;0;0;0;;0;1;0;0;0;;1;0;0;0;0;1;;0;0;0;0;;;0;0;0;;0;0;0;0;0;0;0;;0;0;1;0;0;0;0;;0;1;0;;0;;;1;;0;0;0;0;0;0;0;0;;0;;0;0;;;0;0;0;;0;0;;0;0;0;1;1;0;0;1;1;;0;0;0;1;1;1;1;1;0;0;0;0
1995-03-31;0;0;0;;0;0;;0;;;;;;;0;;;0;;;;;;;0;0;0;;1;0;0;0;0;;1;;0;1;1;1;;;;;;1;0;0;1;;;1;1;0;0;0;;0;1;0;0;0;;1;0;0;0;;1;;0;0;0;0;;;0;;0;;0;0;0;0;0;1;;;0;;1;1;0;;1;;0;0;0;;0;;;1;;0;;;0;0;0;0;0;;0;;0;0;;;;;1;;0;0;;0;0;0;1;1;0;0;1;;;;;;;1;1;1;1;1;0;0;
1995-05-18;0;0;1;;1;0;;0;;;;;;;0;;;0;;;;;;;0;0;0;;;;0;0;0;;0;;0;1;1;1;;1;;;;0;0;0;0;0;;0;;0;0;0;;;0;0;0;0;;1;0;0;;;1;;;;1;0;;;0;;;;0;0;;;0;;;;0;1;;1;;;0;;0;;1;;0;;;1;;0;;0;0;0;;1;0;;0;;0;0;;;;0;;;0;0;;0;0;0;;1;0;0;;;;0;;;;;;1;;;0;0;
1995-06-19;0;0;0;1;0;0;;0;0;;;;;;0;;;0;;;;;;;0;0;0;;0;0;0;0;0;0;0;;0;1;1;0;;0;0;;;0;0;0;0;0;0;0;0;0;0;0;;0;0;0;0;0;;1;0;0;0;0;0;;0;0;1;0;;;0;0;0;;0;0;0;0;0;0;0;;0;0;0;1;0;0;0;;0;1;0;;0;;;1;;0;0;0;0;0;0;1;0;;0;;0;0;;;0;0;0;;0;0;;0;0;0;1;1;0;0;1;1;;0;0;0;0;1;0;0;1;0;0;0;0
1995-08-22;0;0;0;1;0;0;;0;0;;;;;;0;;;0;;;;;;;0;0;0;;0;0;0;0;0;0;0;;0;0;0;0;;0;0;;0;0;0;0;0;0;0;0;0;0;0;0;;0;0;0;0;0;;;;;0;0;0;;0;0;0;0;;;0;0;0;;0;;0;0;0;0;0;;0;0;0;;0;0;0;;0;0;0;;0;;;0;;0;0;0;0;0;0;0;0;;0;0;0;0;;;0;0;0;;0;0;;0;0;0;0;1;;0;0;0;;0;0;0;0;0;0;0;0;0;;0;0
1995-09-07;0;0;0;1;0;0;;0;0;;;;;;0;;;0;;;;;;;0;0;0;;0;0;0;0;0;0;0;;0;0;0;0;;0;0;;0;0;0;0;0;0;0;0;0;0;0;0;;0;0;0;0;0;;0;0;0;0;0;0;;0;0;0;0;;;0;0;0;;0;0;0;0;0;0;0;;0;0;0;0;0;0;0;;0;1;0;;0;;;0;;0;0;0;0;0;0;0;0;;0;0;0;0;;;0;0;0;;0;0;;0;0;0;0;0;0;0;0;0;;0;0;0;0;0;0;0;0;0;0;0;0
1996-07-07;1;0;0;1;1;1;;0;;;;1;;;1;;;1;;;;;;;1;0;1;0;;1;0;0;0;;1;;0;1;1;1;;1;;;0;0;0;0;1;;1;0;;0;0;0;;;1;1;0;0;;1;1;1;0;0;1;1;0;0;0;0;;;0;1;0;;1;1;0;0;1;1;0;;0;;1;1;0;;1;0;1;1;0;;1;;0;0;;0;0;0;1;1;0;1;1;;0;0;0;1;;0;;1;0;;0;0;;1;0;0;1;1;1;0;;;;;;;;;;;;1;0;1;0
1996-07-23;1;;;1;1;;;0;;;;1;;;;;;1;;;;;;;1;0;;;1;1;1;;;0;;;0;;1;1;;1;1;;0;;;;1;1;1;0;0;0;;;;1;;;0;0;;1;1;1;0;0;1;;0;1;0;0;;;0;0;0;;;1;;0;;1;1;;0;1;1;1;0;0;;;;;;;1;;;;;0;0;0;1;1;0;1;;;0;;0;1;;0;1;1;0;;0;;;;;;;;1;;1;0;;1;;;1;0;1;1;1;1;0;;0
1996-08-08;0;0;0;1;0;0;;0;1;;;1;;;0;;;1;;;;;;;1;0;1;;1;1;0;0;0;0;1;;0;1;1;1;;1;1;;0;0;0;0;0;1;1;0;0;0;0;0;;1;1;1;0;0;;1;1;0;0;0;1;0;1;0;0;0;;;0;1;0;;1;1;0;0;1;1;1;;0;1;0;1;0;0;1;;0;1;0;;1;;;1;;0;0;0;1;1;0;1;1;;0;0;0;1;;;1;1;0;;0;0;;1;0;0;1;1;0;0;0;1;;1;1;1;1;1;1;1;1;1;0;1;0
1996-09-09;0;0;0;1;0;0;;0;1;;;1;;;0;;;1;;;;;;;0;0;1;;1;1;0;0;0;0;1;;0;1;1;0;;1;1;;0;0;0;0;1;1;1;0;0;0;0;0;;1;1;1;0;0;;1;1;0;0;0;1;0;0;0;0;0;;;0;0;0;;1;1;0;0;1;0;0;;0;1;0;1;0;0;0;;0;1;0;;1;;;1;;0;0;0;0;;;1;1;;0;0;0;1;;;1;0;0;;0;0;;1;0;0;1;0;0;0;0;0;;1;1;1;0;0;1;1;1;1;0;1;0
1996-09-25;0;0;0;1;0;0;;0;1;;;1;;;0;;;0;;;;;;;0;0;1;;1;1;0;0;0;0;1;;0;1;1;0;;1;0;;0;0;0;0;0;1;;0;0;0;0;0;;1;1;1;0;0;;1;0;0;0;0;1;0;0;0;0;0;;;0;0;0;;1;1;0;0;1;1;0;;0;;0;1;0;;0;;0;1;0;;1;;0;1;;0;;0;0;1;0;1;1;;0;0;0;1;;;1;;0;;0;0;;1;0;0;1;0;0;0;0;0;;0;1;0;0;0;1;0;1;0;0;1;0
1996-10-11;0;0;0;1;0;0;;0;1;;;1;;;0;;;0;;;;;;;0;0;1;;1;1;0;0;0;0;1;;0;1;0;0;;0;0;;0;0;0;0;0;1;0;0;0;0;0;0;;0;1;0;0;0;;1;0;0;0;0;1;0;0;0;0;0;;;0;0;0;;1;1;0;0;1;0;0;;0;1;0;1;0;0;0;;0;1;0;;1;;0;1;;0;0;0;0;1;0;1;0;;0;0;0;0;;0;1;0;0;;0;0;;0;0;0;1;0;0;0;0;0;;0;1;0;0;0;1;0;1;0;0;1;0
1997-01-31;1;1;1;1;1;1;;0;1;;;1;;;1;;;1;;;;;;;1;;1;0;1;1;1;1;1;0;1;;;1;1;1;;1;1;;0;1;1;1;1;1;1;1;1;;;1;;;1;1;;1;;1;;;0;0;1;1;;1;1;1;;;0;1;1;;1;;1;1;1;1;1;;1;1;1;;;1;1;1;1;1;1;;;;0;1;;1;1;0;1;1;1;1;1;;1;1;1;1;;1;1;1;1;;1;1;;1;;1;1;1;;1;;1;;1;1;1;1;1;;;;1;;1;1
1997-06-24;1;;;1;0;;;0;1;;;;;;;;;;;;;;;;;0;1;;;;;;;0;;;0;;;;;0;;;;;0;0;0;1;;0;1;0;0;1;;;;;0;;;1;1;1;0;0;1;;0;;;0;;;0;;0;;1;1;;0;;;1;;;;1;1;0;;1;;;;0;;;;;1;;0;;;;;;;;;;;0;;;;1;;;;;;;;;;;;0;0;1;1;;1;1;0;1;;1;1;1;;1;;
1997-07-10;0;1;0;0;0;0;;0;;;;;;;0;;;1;;;;;;;0;0;1;;;1;0;0;0;;1;;0;1;1;1;;0;;;0;0;0;0;0;;0;0;;0;0;1;;;1;1;0;0;;1;1;0;0;0;1;1;0;0;0;0;;;0;0;0;;1;1;0;0;1;0;0;;0;;0;1;0;;1;;0;1;0;;1;;;1;;1;0;0;1;1;0;1;1;;0;0;0;0;;;;0;0;;0;0;;1;0;0;1;1;0;0;;;;;;;;;;;;1;0;1;0
1997-08-11;0;1;0;1;0;0;;0;0;;;1;;;0;;;1;;;;;;;0;0;1;;1;1;0;0;0;0;1;;0;1;1;0;;0;0;;0;0;0;0;0;1;1;0;0;0;0;0;;1;1;1;0;0;;1;1;0;0;0;1;1;0;0;0;0;;;0;0;0;;1;1;0;0;1;1;1;;1;1;0;1;0;1;1;;0;1;0;;1;;0;1;;0;0;0;1;1;0;1;1;;0;0;0;0;;;1;1;0;;0;0;;1;0;0;1;1;0;0;1;1;;1;0;0;1;1;1;1;1;0;0;1;0
1997-08-27;0;0;0;1;0;0;;0;0;;;1;;;0;;;1;;;;;;;0;0;1;;1;1;0;0;0;0;1;;0;1;1;0;;0;0;;0;0;0;0;0;1;1;0;0;0;0;0;;1;1;1;0;0;;1;0;0;0;0;1;1;0;0;1;0;;;0;0;0;;1;1;0;0;1;1;0;;1;1;0;1;0;0;1;;0;1;0;;1;;0;1;;0;0;0;1;1;0;1;1;;0;0;1;0;;;1;1;0;;0;0;;1;0;0;1;1;0;0;1;1;;1;0;0;1;1;1;1;1;0;1;1;0
1997-10-14;0;0;;1;0;0;;0;;;;;;;0;;;0;;;;;;;0;0;0;;;0;0;0;0;;0;;0;1;0;0;;0;0;;0;;0;0;0;1;1;0;0;0;0;0;;1;0;0;0;0;;1;0;0;0;0;0;;;0;0;0;;;0;0;0;;0;1;0;0;1;0;0;;0;;0;0;0;;0;;0;0;0;;0;;;0;;0;0;;0;1;;0;0;;0;0;0;0;;;;0;0;;0;0;;0;;0;0;0;0;0;;1;;1;0;;;1;1;0;1;0;0;0;0
1997-10-30;0;;;0;1;;;;0;;;;;;;;;1;;;;;;;0;0;;;1;;;;;0;;;0;;;;;0;0;;;;;0;0;1;1;0;0;0;0;0;;;;;0;0;;1;0;0;0;0;;;0;1;1;0;;;0;0;0;;1;1;;0;;1;0;;;1;0;1;0;;;;;;0;;;;;1;;0;;0;;;;;;;0;;;;;;1;0;0;;0;;;;;;;;0;0;0;0;;0;0;0;1;0;1;0;1;;0;;0
1997-12-17;0;0;0;1;0;0;;0;0;;;;;;0;;;1;;;;;;;0;0;1;;0;1;0;0;0;0;1;;0;1;0;0;;0;0;;0;0;0;;0;1;0;0;0;0;0;0;;0;1;0;0;;;1;0;0;0;0;1;;0;;;0;;;0;0;0;;1;1;0;0;1;0;0;;0;0;0;1;0;0;0;;0;1;0;;1;;;1;;0;0;;0;1;0;1;1;;0;0;1;;;;0;0;;;0;;;0;0;0;1;1;0;;1;0;;0;0;0;1;0;0;0;0;0;1;1;
1998-01-18;1;;1;1;1;0;;0;;;;;;;0;;;1;;;;;;;1;0;1;;;1;0;;0;;1;;0;1;0;0;;1;;;0;0;0;0;;;1;0;;0;0;1;;;;0;0;0;;1;1;1;;0;1;;1;1;1;0;;;0;1;1;;1;1;;;1;1;1;;1;;1;1;0;;1;;0;1;1;;1;;;1;;0;1;0;;1;0;1;;;0;;1;1;;;;1;0;;0;0;;1;0;0;;;1;1;;;;;;;;;;;;1;1;1;1
1998-02-03;1;1;1;;1;0;;0;1;;;;;;1;;;1;;;;;;;0;1;1;;;1;0;0;0;0;1;;1;1;0;0;;1;0;;0;0;1;;0;;1;0;;0;1;1;;;1;1;0;0;;1;1;1;0;0;1;0;1;0;1;0;;;0;0;0;;1;1;0;1;1;1;0;;1;;;1;1;1;1;;1;;1;;1;;;1;;0;0;0;1;1;0;1;;;0;0;1;1;;;;1;1;;0;0;;1;0;0;1;1;1;;;;;1;1;1;;;;;;1;1;1;1
1998-04-24;0;1;0;1;0;0;;0;1;;;;;;1;;;1;;;;;;;0;0;1;;0;0;0;0;0;0;1;;0;1;0;0;;0;0;;;0;0;0;0;1;0;0;1;0;0;1;;1;1;1;0;0;;1;1;0;0;0;1;;0;0;0;0;;;0;0;0;;1;1;0;0;1;0;1;;0;1;0;1;0;0;0;;0;1;0;;0;;;1;;0;0;0;1;1;0;1;1;;0;0;0;0;;;0;0;0;;0;0;;1;0;0;1;0;1;0;1;1;;1;1;1;1;1;1;0;1;0;1;1;0
1998-05-10;0;0;0;1;0;0;;0;1;;;;;;1;;;0;;;;;;;0;0;1;;0;0;0;0;0;0;0;;0;1;0;0;;0;0;;;0;0;0;0;1;0;0;1;0;0;0;;1;1;1;0;0;;1;1;0;0;0;1;;0;0;0;0;;;0;0;0;;1;1;0;0;1;1;0;;0;0;0;1;0;0;0;;0;1;0;;0;;;1;;0;0;0;0;0;0;1;1;;0;0;0;0;;;0;0;0;;0;0;;1;0;0;1;0;1;0;1;1;;1;1;1;1;1;1;0;1;0;1;1;0
1998-05-26;0;1;0;0;0;0;;0;1;;;;;;1;;;0;;;;;;;0;0;1;;0;0;0;0;0;0;0;;0;1;0;0;;0;0;;0;0;0;0;0;1;0;0;1;0;0;1;;1;1;1;0;0;;1;1;0;0;0;0;;0;0;0;0;;;0;0;0;;1;1;0;0;1;0;0;;0;0;0;1;0;0;0;;0;1;0;;0;;;1;;0;0;0;0;0;0;1;1;;0;0;0;0;;;0;0;0;;0;0;;1;0;0;1;0;0;0;1;1;;1;1;1;1;1;1;0;1;0;1;0;0
1998-06-11;0;1;0;1;0;0;;0;1;;;;;;0;;;0;;;;;;;0;0;1;;0;0;0;0;0;0;0;;0;1;0;0;;0;0;;0;0;0;0;0;1;0;0;1;0;0;1;;1;1;1;0;0;;1;1;0;0;0;0;0;0;0;0;0;;;0;0;0;;1;1;0;0;1;0;0;;0;0;0;1;0;0;0;;0;1;0;;0;;;1;;0;0;0;0;0;0;0;1;;0;0;0;0;;;0;0;0;;0;0;;0;0;0;1;0;0;0;1;1;;1;1;1;1;1;1;0;1;0;1;0;0
1998-06-27;0;1;0;0;0;0;;0;1;;;;;;0;;;0;;;;;;;0;0;1;;0;0;0;0;0;0;0;;0;1;0;0;;0;0;;0;0;0;0;0;1;0;0;1;0;1;0;;1;1;0;0;0;;1;1;0;0;0;0;0;0;0;0;0;;;0;0;0;;1;1;0;0;1;0;0;;0;0;0;1;0;0;0;;0;1;0;;0;;;1;;0;0;0;0;0;0;1;1;;0;0;0;0;;;0;0;0;;0;0;;0;0;0;1;0;0;0;1;1;;1;1;1;1;1;1;0;1;0;1;0;0
1998-07-29;0;1;0;1;0;0;;0;1;;;;;;0;;;0;;;;;;;0;0;1;;0;0;0;0;0;0;0;;0;0;0;0;;0;0;;0;0;0;0;0;1;0;0;0;0;0;0;;1;1;0;0;0;;1;1;0;0;0;1;0;0;0;0;0;;;0;0;0;;1;1;0;0;1;0;0;;0;0;0;1;0;0;0;;0;1;0;;0;;;1;;0;0;0;0;0;0;1;1;;0;0;0;0;;;0;0;0;;0;0;;0;0;0;0;0;0;0;1;1;;0;1;0;0;1;1;0;1;0;1;0;0
1998-08-14;0;0;0;0;0;0;;0;0;;;;;;0;;;0;;;;;;;0;0;1;;0;0;0;0;0;0;0;;0;0;0;0;;0;0;;0;0;0;0;0;1;0;0;0;0;0;0;;1;1;0;0;0;;1;0;0;0;0;1;;0;0;0;0;;;0;0;0;;1;1;0;0;0;0;0;;0;0;0;1;0;0;0;;0;1;0;;0;;;1;;0;0;0;0;0;0;1;1;;0;0;0;0;;;0;0;0;;0;0;;0;0;0;0;0;0;0;1;0;;0;0;0;0;1;1;0;1;0;1;0;0
1998-08-30;0;0;0;0;0;0;;0;0;;;;;;0;;;0;;;;;;;0;0;1;;0;0;0;0;0;0;0;;0;0;0;0;;0;0;;0;0;0;0;0;1;0;0;0;0;0;0;;1;1;0;0;0;;1;0;0;0;0;1;0;0;0;0;0;;;0;0;0;;0;1;0;0;0;0;0;;0;0;0;1;0;0;0;;0;1;0;;0;;;1;;0;0;0;0;0;0;1;0;;0;0;0;0;;;0;0;0;;0;0;;0;0;0;0;0;0;0;0;0;;0;0;0;0;0;0;0;1;0;0;0;0
1998-09-15;0;0;0;0;0;0;;0;0;;;;;;0;;;0;;;;;;;0;0;0;;0;0;1;0;0;0;0;;0;0;0;0;;0;0;;0;0;0;0;0;1;0;0;0;0;0;0;;0;1;0;0;0;;1;0;0;0;0;1;0;0;0;0;0;;;0;0;0;;0;1;0;0;0;0;0;;0;0;0;1;0;0;0;;0;1;0;;0;;;1;;0;0;0;0;0;0;1;0;;0;0;0;0;;;0;0;0;;0;0;;0;0;0;0;0;0;0;0;0;;0;0;0;0;0;0;0;1;0;0;0;0
1999-01-21;0;;;1;;;;;;;;;;;;;;1;;;;;;;;;1;;;1;;;;;;;;;;;;;;;;;;;;;1;;;1;0;;;;;1;0;0;;;1;;;1;;;0;;;;;;;;;;;;;;;;;;;;;;;0;;;;;;;;;;1;;0;1;0;;;;;0;;;;;1;;;1;1;;;;;;;;;;;1;;;;;;0;1;;1;;1;;;1;;0
1999-02-22;0;0;1;1;1;0;;0;0;;;1;;;0;;;0;;;;;;;1;0;1;0;0;1;0;0;1;0;1;;1;1;0;0;;1;0;;0;0;0;0;0;1;1;0;1;1;0;1;;0;1;1;0;0;;1;1;1;0;0;1;0;;0;0;1;;;0;1;0;;0;1;1;0;1;1;1;;1;1;1;1;0;0;1;0;1;1;0;;1;;0;1;;0;1;0;1;0;0;1;1;;1;1;1;0;;1;1;1;0;;0;0;;1;0;0;1;1;;0;1;1;;1;0;0;1;0;0;0;1;1;1;1;0
1999-03-10;0;;0;1;1;;;0;0;;;1;;;0;;;0;;;;;;;0;0;;0;0;1;;;0;0;1;;0;1;0;0;;1;0;;0;0;0;0;0;1;1;0;0;0;0;1;;0;;;0;;;1;1;1;0;0;1;0;1;0;0;0;;;0;0;0;;0;1;;0;;1;0;;;1;0;1;0;0;1;;;;0;;1;;0;1;;0;0;0;;;;;;;1;0;0;0;;1;1;1;0;;0;0;;;;0;1;;1;0;1;1;;1;0;0;1;1;0;0;1;1;1;0;0
1999-03-26;0;1;0;1;1;0;;0;0;;;;;;0;;;0;;;;;;;0;0;0;;0;1;0;0;0;0;1;;;1;0;0;;1;0;;0;0;0;;0;1;1;0;0;;;;;0;0;1;0;;;1;1;;0;1;1;;0;;0;0;;;;0;0;;1;;;0;1;1;1;;;1;1;1;0;0;1;;;1;0;;;;;;;0;;;;0;0;1;1;;;0;;;;;1;1;0;;;0;;1;;0;;;1;0;1;1;;1;0;0;1;0;0;0;1;0;;;0
1999-04-11;0;0;0;1;1;0;;0;0;;;1;;;0;;;0;;;;;;;0;0;0;;0;1;0;0;0;0;1;;0;1;0;0;;1;0;;0;0;0;0;0;1;0;0;0;0;0;0;;0;0;1;0;0;;1;1;1;0;0;1;0;0;1;0;0;;;0;0;0;;0;1;0;0;1;1;0;;0;1;0;1;0;0;1;;0;1;0;;1;;;1;;0;0;0;0;0;0;1;1;;0;0;1;0;;;1;0;0;;0;0;;1;0;0;1;1;1;0;1;0;;1;0;0;1;0;0;0;1;0;1;0;0
1999-09-02;0;0;0;0;0;0;;0;0;;;0;;;0;;;0;;;;;;;0;1;0;0;0;0;1;0;0;0;1;;0;0;0;0;;0;0;;0;0;0;0;0;0;0;0;0;0;0;1;;0;1;0;0;0;;1;1;0;0;0;1;0;0;0;0;0;;;0;0;0;;1;1;0;0;0;0;0;;0;0;0;1;0;0;0;;0;1;0;;0;;0;1;;0;0;0;0;0;0;1;0;;0;0;0;0;;0;0;0;0;;0;0;;0;0;0;0;0;0;0;0;0;;0;0;0;0;0;0;0;0;0;1;0;0
2000-03-12;0;1;1;;1;1;;;;;;;;;1;;;1;;;;;;;0;1;1;;;1;0;0;1;;;;0;;;1;;1;;;;0;1;0;1;;;0;;0;0;1;;;0;1;;0;;1;1;1;;0;1;;1;;1;;;;0;1;0;;1;1;1;0;1;1;1;;1;;1;1;0;1;;;1;1;1;;1;;;1;;0;1;0;1;;1;1;1;;0;1;;1;;;;1;0;;0;0;;1;0;1;1;1;0;0;;;;1;;;;;;;;1;1;1;1
2000-08-19;0;1;0;1;1;1;;0;1;;;1;;;0;;;1;;;;;;;0;0;1;0;1;1;0;0;0;0;1;;0;1;1;0;;1;0;;0;0;0;0;0;1;1;0;1;0;1;1;;1;0;1;0;0;;1;1;0;0;0;1;1;0;0;1;0;;;0;0;0;;1;0;0;0;1;1;0;;0;1;0;1;0;0;1;0;0;1;1;;1;;0;1;;0;0;0;1;0;0;1;1;;0;0;0;0;;0;1;1;0;;0;0;;1;0;0;0;1;0;0;1;1;;1;1;1;1;1;1;1;1;1;1;1;0
2000-09-20;0;1;0;1;1;0;;0;1;;;1;;;0;;;0;;;;;;;0;0;1;0;1;1;1;0;0;0;1;;0;1;1;0;;0;0;;0;0;1;1;0;1;1;0;1;0;0;1;;1;0;0;0;0;;1;1;0;0;0;1;1;0;1;1;0;;;0;0;0;;1;0;0;0;1;1;0;;0;1;0;1;0;0;1;0;0;1;1;;1;;0;1;;0;0;0;1;1;0;1;1;;0;0;0;0;;0;1;0;0;;0;0;;1;0;0;0;1;0;0;0;1;;1;1;1;1;1;1;1;1;0;1;1;0
2001-01-10;0;1;0;1;1;0;;0;1;;0;1;;;0;;;0;;;;;;;0;0;1;0;1;0;1;0;0;0;1;;0;1;0;0;;0;0;0;0;0;1;0;0;1;1;0;0;0;0;1;;1;0;1;0;0;;1;0;1;0;0;1;0;0;1;1;0;;;0;0;0;;1;0;0;0;1;1;0;;0;1;0;1;0;1;1;0;0;1;0;;0;;0;1;;0;0;0;1;1;0;1;1;;1;0;1;0;;1;1;1;0;;0;0;;0;0;0;0;0;0;0;1;1;;0;1;1;1;0;1;0;1;1;1;1;0
2001-06-03;0;1;0;0;0;0;;0;0;;;1;;;1;;;1;;;;;;;0;0;1;0;1;1;0;0;0;0;1;;0;1;1;1;;0;0;;0;0;0;0;0;0;0;0;0;0;0;0;;1;0;1;0;0;;1;0;0;0;0;1;1;0;0;0;0;;;0;0;0;;1;0;0;0;1;0;0;;1;0;0;1;0;0;1;0;1;1;0;;1;;0;0;;0;0;0;1;0;1;1;1;;0;0;0;1;;0;0;0;0;;0;0;;1;0;0;1;1;0;0;0;0;;0;0;0;0;0;0;0;0;0;0;1;0
2001-06-19;0;1;0;1;1;1;;0;1;;;1;;;1;;;1;;;;;;;0;0;1;0;1;1;0;0;0;0;1;;1;1;1;0;;1;1;;0;0;0;0;1;;1;0;1;0;1;1;;1;1;1;0;0;;1;1;1;0;0;1;1;1;0;1;0;;;0;1;0;;1;0;0;0;1;1;1;;1;1;1;1;0;1;1;0;1;1;0;;1;;0;1;;0;0;1;1;1;1;1;1;;0;0;0;1;;0;1;1;0;;0;0;;1;0;0;1;1;0;0;1;1;;1;1;1;1;1;1;0;1;0;1;1;0
2004-02-04;1;1;0;1;1;0;;0;1;;;1;;;1;;;1;;;;;;;1;1;1;0;1;1;1;1;0;0;1;;1;1;1;1;;1;1;;0;1;0;1;1;1;1;0;1;0;0;1;;1;1;1;0;0;;1;0;1;1;0;1;1;0;1;1;0;;;0;1;0;;0;1;1;1;1;1;0;;0;1;1;1;0;0;1;0;1;1;1;;1;;0;1;;0;1;0;1;1;0;1;1;;1;0;0;1;;1;1;1;1;;1;1;;1;0;0;1;1;1;1;1;1;;1;1;1;1;1;1;0;1;1;1;1;1
2004-04-24;1;0;1;1;1;1;;0;1;;;;;;1;;;;;;;;;;1;1;1;0;1;;0;;0;0;1;;1;1;;1;;1;;;0;;0;1;1;1;1;0;0;0;1;1;;1;1;1;0;;;1;1;1;0;0;1;;0;0;0;1;;;0;;0;;1;0;1;1;1;1;1;;1;1;1;1;0;0;1;0;;1;1;;1;;0;1;;0;1;0;1;;;;1;;1;;0;;;;1;1;1;;1;1;;1;0;0;;;1;0;1;1;;1;1;1;1;1;1;1;1;1;1;;1
2004-05-10;1;0;0;1;1;0;;0;1;;;1;;;1;;;1;;;;;;;1;1;1;0;1;0;0;0;0;0;1;;0;1;1;1;;1;1;;0;0;0;0;1;1;1;0;0;0;0;1;;1;1;1;0;0;;1;1;1;0;1;1;1;0;0;0;0;;;0;1;0;;1;1;1;0;1;1;1;;1;1;1;1;0;0;1;0;1;1;1;;1;;0;1;;0;0;0;1;0;0;1;1;;0;0;0;1;;1;1;1;1;;1;1;;1;0;0;1;1;1;0;1;1;;1;1;1;1;1;1;1;1;1;1;1;1
2004-05-26;1;0;0;1;1;0;;0;1;;;1;;;1;;;1;;;;;;;1;0;1;0;1;0;0;;0;0;1;;0;1;1;1;;1;1;;0;0;0;0;1;1;1;0;0;1;0;0;;1;1;1;0;0;;1;1;1;0;0;1;1;0;1;0;0;;;0;1;0;;0;0;1;1;1;1;1;;1;1;1;1;0;0;1;0;1;1;0;;0;;0;1;;0;0;0;1;0;;1;1;;0;0;0;1;;1;1;1;1;;1;1;;1;0;0;1;1;1;0;1;1;;1;1;1;1;1;1;1;1;1;1;1;0
2004-06-27;1;0;0;1;1;1;;0;1;;;1;;;1;;;1;;;;;;;1;0;1;0;1;1;0;0;0;0;1;;0;1;1;1;;1;1;;0;1;0;0;1;1;1;0;0;0;1;0;;1;1;1;0;0;;1;1;1;0;0;0;1;0;0;0;0;;;0;1;0;;0;0;1;0;1;1;1;;1;1;1;1;0;0;1;0;1;1;1;;1;;0;1;;0;0;0;1;0;0;1;1;;0;0;0;1;;1;1;1;0;;0;0;;1;0;0;1;1;0;0;1;1;;1;1;1;1;1;1;1;1;1;1;1;0
2004-07-13;1;0;0;1;1;1;;0;1;;;1;;;1;;;1;;;;;;;1;0;1;0;1;1;0;0;0;0;1;;0;1;1;1;;1;1;;0;0;0;0;1;1;1;0;0;0;1;0;;1;0;1;0;0;;1;1;0;0;0;1;1;0;0;0;0;;;0;1;0;;0;0;0;0;1;1;1;;1;1;1;1;0;0;1;0;1;1;0;;1;;0;1;;0;0;0;1;0;0;1;1;;0;0;0;1;;1;1;1;0;;0;0;;1;0;0;1;1;0;0;1;1;;1;1;1;1;1;1;1;1;1;0;1;0
2005-04-27;1;0;0;1;0;0;;0;1;;;0;;;0;;;0;;;;;;;0;0;0;0;1;1;0;0;0;0;0;;0;0;0;0;;1;1;;0;0;0;0;1;1;0;;0;0;1;1;;1;0;0;0;0;;1;1;0;0;0;0;1;0;0;0;0;;;0;1;0;;1;1;0;;1;0;1;;0;1;1;1;0;0;0;0;0;1;0;;0;;0;1;;;0;0;0;0;0;1;1;;0;0;0;0;;0;1;0;0;;0;0;;1;0;0;1;1;0;;1;1;;1;1;1;1;1;1;1;1;0;0;1;0
2005-06-14;0;0;0;1;0;0;;0;1;;;0;;;0;;;0;;;;;;;0;0;0;0;1;0;0;0;0;0;0;;0;0;0;0;;0;1;;0;0;0;0;0;1;0;0;0;0;0;1;;1;1;0;0;0;;1;0;1;0;0;1;0;0;0;0;0;;;0;0;0;;0;0;0;0;0;0;1;;0;1;0;0;0;0;0;0;0;1;0;;0;;0;1;;0;0;0;0;0;0;1;0;;0;0;0;0;;0;1;0;0;;0;0;;0;0;0;1;0;0;0;1;1;;1;1;1;1;1;1;1;1;0;0;0;0
2005-07-16;0;0;0;1;0;0;;0;0;;;0;;;0;;;0;;;;;;;0;0;0;0;1;0;0;0;0;0;0;;0;0;0;0;;0;0;;0;0;0;0;0;1;0;0;0;0;0;1;;1;1;0;0;0;;1;0;0;0;0;1;0;0;0;0;0;;;0;0;0;;0;0;0;0;0;0;1;;0;1;0;0;0;0;0;0;0;1;0;;0;;0;1;;0;0;0;0;0;0;1;0;;0;0;0;0;;0;1;0;0;;0;0;;0;0;0;0;0;0;0;1;1;;1;1;0;1;1;1;1;1;0;0;0;0
2005-08-17;0;0;0;1;1;0;;0;0;;0;0;0;;0;;;0;;;;;;;0;0;0;0;0;0;0;0;0;0;0;;0;0;0;0;;0;0;0;0;0;1;0;0;0;0;0;0;0;0;1;;1;1;0;0;0;;1;0;1;0;0;1;0;0;0;0;0;;;0;0;0;;0;1;0;0;0;0;0;;0;0;0;0;0;0;0;0;0;1;1;;0;;0;1;;0;0;0;0;0;0;1;0;;0;0;0;0;;0;1;0;0;;0;0;;0;0;0;0;0;0;0;1;1;;1;1;0;0;1;1;1;1;0;0;0;0
2005-09-02;0;0;0;0;0;0;;0;0;;0;0;0;;0;;;0;;;;;;;0;0;0;0;0;0;0;0;0;0;0;;0;0;0;0;;0;0;0;0;0;0;1;0;0;0;0;0;0;1;;;1;0;0;;0;;;0;;0;0;;0;0;0;0;;;;0;0;;;;0;0;0;0;0;0;;0;0;0;1;0;0;0;0;0;;1;;0;;0;1;;0;0;0;0;0;0;1;0;;0;0;0;0;;0;1;0;0;;0;0;;0;0;0;0;0;0;;0;0;;0;0;0;0;0;1;1;1;0;0;0;0
2005-09-18;1;0;0;0;0;0;;0;0;;0;0;0;;0;;;0;;;;;;;0;0;0;0;0;0;0;0;0;0;0;;0;0;0;0;;0;0;0;0;0;0;0;0;0;0;0;0;0;0;0;;1;0;0;0;0;;0;0;0;0;0;1;0;0;0;0;0;;;0;0;0;;0;0;0;0;0;0;0;;0;0;0;0;0;0;0;0;0;0;0;;0;;0;0;;0;0;0;0;0;0;1;0;;0;0;0;0;;0;0;0;0;;0;0;;0;0;0;0;0;0;0;0;0;;0;0;0;0;0;1;0;1;0;0;0;0
2005-10-04;0;0;0;0;0;0;;0;0;;0;0;;;0;;;0;;;;;;;0;0;0;0;0;0;0;0;0;0;0;;0;0;0;0;;0;0;0;0;0;0;0;0;0;0;0;0;0;0;0;;1;0;0;0;0;;0;0;0;0;0;0;0;0;0;0;0;;;0;0;0;;0;0;0;0;0;0;0;;0;0;0;1;0;0;0;0;0;1;0;;0;;0;0;;0;0;0;0;0;0;0;0;;0;0;0;0;;0;0;0;0;;0;0;;0;0;0;0;0;0;0;0;0;;0;0;0;0;0;0;0;0;0;0;0;0
2006-04-14;1;0;0;1;1;0;;0;1;;;1;;;1;;;1;;;;;;;1;1;1;0;1;1;0;0;0;0;1;;1;1;1;1;;1;1;;0;0;0;0;1;1;1;0;1;1;0;1;;1;0;1;0;0;;1;1;1;0;1;1;1;0;1;1;1;;;0;1;0;;1;1;1;1;1;1;1;;1;1;1;1;0;1;1;0;1;1;1;;1;;0;1;;1;1;1;1;0;0;1;1;;1;0;0;1;;1;1;1;0;;0;1;;1;0;0;1;1;1;0;1;1;;1;1;1;1;1;1;1;1;1;1;1;1
2006-04-30;1;0;0;1;1;1;;0;1;;;1;;;0;;;1;;;;;;;1;1;1;0;1;1;0;0;0;0;1;;1;0;1;0;;1;1;;0;0;0;0;1;1;1;0;;1;1;1;;1;0;1;0;0;;1;1;1;0;1;1;1;0;1;0;1;;;0;1;0;;1;1;1;1;1;1;1;;0;1;1;1;0;1;1;0;1;1;1;;1;;0;1;;1;0;1;1;0;0;1;1;;1;0;0;1;;1;1;1;0;;0;1;;1;0;0;1;1;1;0;;;;1;1;1;1;1;1;1;;1;0;1;0
2006-07-03;1;0;0;1;1;0;;0;1;;;1;;;0;;;1;;;;;;;1;0;1;0;1;1;0;0;0;0;1;;0;0;1;1;;1;1;;0;0;0;0;0;1;1;0;0;0;1;1;;1;0;1;0;0;;1;1;1;0;0;1;1;0;0;1;0;;;0;0;0;;1;1;0;0;1;1;1;;1;1;1;1;0;0;0;0;1;1;1;;1;;0;1;;0;0;0;1;0;0;1;0;;0;0;0;1;;1;1;1;0;;0;0;;1;0;0;1;1;1;0;1;1;;1;1;1;1;1;1;1;1;1;0;1;0
2006-07-19;1;0;0;1;1;0;;0;1;;;1;;;0;;;1;;;;;;;1;0;1;0;1;1;0;0;0;0;1;;0;0;1;0;;1;1;;0;0;0;0;0;1;1;0;0;0;0;1;;1;0;1;0;0;;1;1;0;0;0;1;1;0;0;0;0;;;0;0;0;;1;1;0;0;1;1;1;;0;1;0;1;0;0;0;0;1;1;1;;1;;0;1;;0;0;0;1;0;0;1;0;;0;0;0;1;;1;1;1;0;;0;0;;0;0;0;1;1;1;0;1;0;;1;1;1;1;0;1;1;1;1;0;1;0
2007-03-16;1;1;0;1;0;0;;0;1;0;0;1;0;;1;;;1;;;;1;0;;1;0;1;0;0;1;0;0;0;0;1;;0;0;0;1;;1;1;0;0;0;0;0;1;1;1;0;0;0;0;1;;1;0;0;0;0;;1;0;0;0;0;1;1;0;0;0;0;;;0;0;0;1;0;0;0;0;1;1;1;;0;1;0;0;0;0;0;0;0;1;1;;1;;0;1;1;0;0;0;0;0;0;1;1;;0;0;0;1;;0;1;1;0;;0;0;;1;0;0;1;1;0;0;1;1;;1;1;1;1;1;0;1;1;0;0;1;0
2007-06-20;1;0;0;0;0;0;;0;0;;;1;;;1;;;0;;;;;;;0;0;1;0;0;1;0;0;0;0;0;;0;0;0;0;;0;0;;0;0;0;0;0;1;0;0;0;0;0;1;;1;1;1;0;0;;1;0;1;0;0;1;1;0;0;0;0;;;0;0;0;;0;0;0;0;0;0;0;;0;0;0;1;0;0;0;0;0;1;1;;0;;0;1;;0;0;0;0;0;0;1;0;;0;0;0;1;;0;0;0;0;;0;0;;0;0;0;1;1;0;0;0;1;;1;1;0;1;1;0;1;1;0;0;0;0
2007-07-06;0;0;0;0;0;0;;0;0;;;;;;0;;;0;;;;;;;0;0;1;;0;1;0;0;0;0;1;;0;0;0;0;;0;0;;0;0;0;0;0;1;0;0;0;0;0;1;;1;1;1;0;0;;1;0;1;0;0;1;1;0;0;0;0;;;0;0;0;;0;0;0;0;0;0;0;;0;0;0;1;0;0;0;;0;1;1;;0;;;1;;0;0;0;0;0;0;1;0;;0;0;0;1;;;0;;0;;0;0;;0;0;0;0;0;0;0;0;0;;0;1;0;0;0;0;1;1;0;0;0;0
2007-07-22;1;0;0;0;0;0;;0;0;;;;;;0;;;0;;;;;;;0;0;1;;0;1;0;0;0;0;1;;0;0;0;0;;0;0;;0;0;0;0;0;1;0;0;0;1;0;1;;1;0;1;0;0;;1;0;0;0;0;1;;1;0;0;0;;;0;0;0;;0;0;0;0;0;0;0;;0;0;0;1;0;0;0;;0;1;1;;0;;;1;;0;0;0;0;1;0;1;0;;0;0;0;0;;;0;0;0;;0;0;;0;0;0;0;0;0;0;0;0;;0;0;0;0;0;0;1;0;0;0;0;0
2007-08-07;1;0;0;0;0;0;;0;0;;;;;;0;;;0;;;;;;;0;0;0;;0;0;0;0;0;0;0;;0;0;0;0;;0;0;;0;0;0;0;0;1;0;0;0;0;0;1;;0;0;0;0;0;;1;0;0;0;0;1;1;0;0;0;0;;;0;0;0;;0;0;0;0;0;0;0;;0;0;0;1;0;0;0;;0;1;1;;0;;;1;;0;0;0;0;0;0;1;0;;0;0;0;0;;;0;0;0;;0;0;;0;0;0;0;0;0;0;0;0;;0;0;0;0;0;0;0;0;0;0;0;0
2007-09-08;1;0;0;0;0;0;;0;0;;;;;;0;;;0;;;;;;;0;0;0;;0;0;0;0;0;0;1;;0;0;0;0;;0;0;;0;0;0;0;0;0;0;0;0;0;0;0;;0;0;0;0;0;;1;0;0;0;0;1;1;0;0;0;0;;;0;0;0;;0;0;0;0;0;0;0;;0;0;0;1;0;0;0;;0;1;1;;0;;;1;;0;0;0;0;0;0;1;0;;0;0;0;0;;;0;0;0;;0;0;;0;0;0;0;0;0;0;0;0;;0;0;0;0;0;0;0;0;0;1;0;0
2007-09-24;0;0;0;0;0;0;;0;0;;;;;;0;;;0;;;;;;;0;0;0;;0;0;0;0;0;0;1;;0;0;0;0;;0;0;;0;0;0;0;0;0;0;0;0;0;0;1;;0;0;0;0;0;;1;0;0;0;0;1;1;1;0;0;0;;;0;0;0;;0;0;0;0;0;0;0;;0;0;0;1;0;0;0;;0;1;1;;0;;;1;;0;0;0;0;0;0;0;0;;0;0;0;0;;;0;0;0;;0;0;;0;0;0;0;0;0;0;0;0;;0;0;0;0;0;0;0;0;0;0;0;0
2008-03-18;1;;;;;;;0;;;;;;;;;;;;;;;;;;1;;;;;;;;;;;1;;;;;;;;;;;;;;;;;1;1;1;;;;;;;;1;1;1;;;;;1;;;;;;;;;;1;1;;;;;;;;;;1;0;;;;;;1;;;;;1;;;;;;;;;;;;;;;;;;;;;;;;;;;;;1;;;;;;;;;;;;;;1;;
2008-05-05;1;1;;1;1;0;;1;1;;;1;;;1;;;1;;;;;;;1;1;1;;1;1;0;0;0;0;1;;1;1;1;1;;1;;;0;0;0;0;1;1;1;0;0;0;0;1;;1;0;1;0;0;;1;1;1;0;0;1;1;1;0;0;0;;;0;;0;;1;1;0;0;1;1;1;;0;;1;1;0;1;1;;1;1;1;;1;;0;1;;0;0;0;1;0;0;1;1;;1;0;0;1;;;;1;0;;0;0;;1;0;0;0;1;1;0;1;1;;1;1;1;1;1;1;1;1;1;1;1;0
2008-08-09;1;1;0;1;0;0;;0;;;;1;;;0;;;0;;;;;;;0;1;1;0;;1;0;0;0;;1;;0;1;1;0;;0;;;0;0;0;0;0;;0;0;;1;0;1;;;0;1;0;0;;1;1;0;0;0;1;1;0;0;0;0;;;0;0;0;;1;0;0;0;1;0;0;;0;;0;1;0;;1;;0;1;1;;0;;0;1;;0;0;0;0;0;0;1;1;;0;0;0;1;;0;;0;0;;0;0;;0;0;0;0;1;0;0;;;;;;;;;;;;0;1;1;0
2008-08-25;0;0;0;1;0;0;;0;1;;;1;;;0;;;0;;;;;;;0;1;1;;1;1;0;0;0;0;0;;0;0;1;0;;0;0;;0;0;0;0;0;1;0;0;0;0;0;1;;1;0;1;0;0;;1;1;0;0;0;1;1;0;0;0;0;;;0;0;0;;1;0;0;0;1;0;0;;0;0;0;1;0;0;0;;0;1;1;;0;;0;1;;0;0;0;0;0;0;1;0;;0;0;0;1;;;0;0;0;;0;0;;0;0;0;0;1;0;0;1;0;;1;1;0;0;0;1;1;1;0;1;1;0
2008-09-26;1;0;0;0;0;0;;0;1;;;0;;;0;;;0;;;;;;;0;1;0;0;0;0;0;0;0;0;0;;0;0;0;0;;0;0;;0;0;0;0;0;1;0;0;0;0;0;1;;1;0;0;0;0;;1;0;0;0;0;1;1;0;0;0;0;;;0;0;0;;0;0;0;0;1;0;0;;0;0;0;1;0;0;0;0;0;1;1;;0;;0;1;;0;0;0;0;;0;1;0;;0;0;0;0;;0;0;0;0;;0;0;;0;0;0;0;0;0;0;0;0;;1;0;0;0;0;1;0;1;0;1;1;0
2009-05-24;1;0;0;1;0;0;;0;1;;;1;;;1;;;1;;;;;;;1;0;1;0;1;1;0;0;0;0;1;;0;0;1;0;;1;1;;0;0;0;0;0;1;1;0;0;0;1;1;;1;0;0;0;0;;1;1;1;0;0;1;1;0;0;0;0;;;0;0;0;;1;1;1;0;1;1;1;;0;1;0;1;0;0;1;0;1;1;1;;1;;0;1;;0;0;0;1;0;0;1;1;;0;0;0;1;;0;1;1;0;;0;0;;1;0;0;0;1;0;0;1;1;;1;1;1;1;1;1;1;1;1;1;1;0
2009-12-18;0;0;0;1;0;0;;0;1;;;1;;;0;;;1;;;;;;;1;0;1;0;1;1;0;0;0;0;1;;0;0;1;0;;0;1;;0;0;0;0;0;1;0;0;0;0;1;1;;1;0;0;0;0;;1;0;0;0;0;1;0;0;0;0;0;;;0;0;0;;1;0;0;0;1;0;1;;1;1;0;0;0;0;0;0;0;1;1;;1;;0;1;;0;0;0;0;1;0;1;1;;0;0;0;0;;0;1;0;0;;0;0;;0;0;0;0;1;0;0;1;0;;0;1;0;1;1;1;1;1;1;1;1;0
2010-03-24;1;1;0;;1;0;;0;1;;;;;;1;;;;;;;;;;;1;1;0;1;;;0;0;0;1;;1;1;;;;1;;;;;0;0;0;1;1;0;0;0;0;1;;1;0;1;0;;;1;1;1;0;0;1;1;0;;0;0;;;0;;0;;1;1;;0;;;;;;;1;1;0;;1;;1;1;1;;;;0;1;;0;0;;1;;;;;;;;0;;;0;1;0;0;;1;0;;1;0;0;1;;1;0;1;1;;1;1;1;1;0;1;1;1;;1;1;
2011-02-07;1;1;0;1;1;0;;0;1;;;0;;;1;;;1;;;;;;;1;0;1;0;1;1;0;0;0;0;1;;0;1;1;0;;1;1;;0;0;0;0;1;1;1;0;0;1;1;1;;1;0;1;0;0;;1;0;0;0;0;1;1;0;1;0;0;;;0;1;0;;1;1;1;0;1;0;1;;0;1;0;1;0;0;0;0;1;1;1;;1;;0;1;;0;0;0;1;0;0;1;1;;0;0;0;0;;0;1;0;0;;0;0;;1;0;0;0;1;0;0;0;0;;1;1;1;1;1;1;0;1;0;1;1;0
2011-03-11;1;1;1;1;1;0;;0;1;;;0;;;1;;;1;;;;;;;1;1;1;0;1;1;0;0;0;0;1;;0;1;1;0;;1;1;;0;0;0;0;1;1;1;0;0;0;1;1;;1;0;1;0;0;;1;0;1;0;0;1;1;0;0;0;0;;;0;0;0;;1;1;0;0;1;1;0;;0;1;0;1;0;0;0;0;1;1;1;;1;;0;1;;0;0;0;1;0;0;1;1;;0;0;0;0;;0;1;0;0;;0;0;;;;0;0;1;0;0;1;0;;1;1;1;1;0;1;0;1;1;1;1;0
2012-01-17;1;1;0;1;0;;;0;;;;0;;;0;;;0;;;;;;;;0;1;;0;0;0;0;;0;1;;0;;1;0;;1;0;;0;;0;0;;;1;0;;0;;1;;1;0;;0;;;1;0;1;0;0;1;0;1;;0;0;;;0;0;0;;0;;;0;;;0;;;1;;;;0;0;;0;1;1;;1;;;1;;0;0;;;0;0;1;1;;0;0;0;;;;;;0;;0;0;;;0;0;;;1;0;1;1;;1;1;1;1;0;;0;1;0;1;;0
2012-03-05;1;1;;1;0;0;;0;1;;;;;;;;;0;;;;;;;0;0;1;0;0;;0;0;;0;1;;0;0;1;;;0;;;;;0;0;0;1;;0;0;;1;1;;;0;1;0;0;;;1;1;0;0;1;;1;1;0;0;;;0;;0;;1;0;0;0;0;0;;;;;1;1;0;0;0;0;;1;1;;;;;1;;0;;0;1;;;1;0;;0;;0;0;;0;1;0;0;;0;1;;;;0;;1;;0;1;1;;1;1;1;;1;1;0;1;0;1;1;0
2012-04-06;1;1;;1;0;0;;0;1;;;;;;;;;0;;;;;;;0;0;0;0;0;;0;;0;;1;;0;0;1;;;;0;;;0;0;0;0;1;;0;0;0;0;1;;1;0;0;0;0;;1;1;1;0;0;1;;;0;0;0;;;0;1;0;;0;0;;0;0;0;0;;;1;1;1;0;;0;;0;1;1;;1;;;1;;0;;0;1;;0;;;;0;;0;0;;0;1;1;;;1;1;;1;;0;1;1;0;0;;0;;1;1;;1;1;0;;1;0;1;1;
2012-04-22;1;0;0;1;0;0;;0;1;;0;;;;0;;;0;;;;;;;0;1;0;;0;;0;0;;0;0;;0;0;1;0;;1;;0;0;;0;0;0;1;1;0;0;;0;1;;1;0;;0;0;;1;1;0;0;0;1;;1;0;0;0;;;0;;0;;1;0;0;0;;0;;;;1;1;1;0;0;0;0;;;1;;;;0;1;;0;;0;;;;1;0;;0;;0;;;0;1;1;0;;0;0;;1;;0;0;1;0;0;1;1;;1;1;1;1;1;0;1;1;0;1;0;0
2012-05-24;1;0;0;;0;;;0;1;;0;;0;;0;;;0;;;;;0;;0;;1;;0;;0;0;;0;0;;0;0;;0;;1;;0;0;;0;;0;1;0;0;0;0;0;1;;1;0;;0;0;;1;1;;0;0;1;;0;0;0;0;;;;;;;0;0;0;0;;0;;;;;0;1;0;0;0;0;;1;1;;;;0;1;0;0;;0;;;;1;0;;0;0;0;;;0;1;0;0;;0;0;;0;0;0;0;1;0;0;1;1;;1;;1;1;1;0;1;1;0;;0;0
2012-06-09;1;;0;1;0;;;0;1;;;;;;0;;;;;;;;;;0;1;;;0;0;0;0;0;0;0;;0;0;;0;;0;;;0;;0;0;0;1;0;0;0;0;0;;;;0;;0;0;;1;;1;0;0;1;0;0;0;;0;;;0;0;0;;0;0;0;0;;;0;;0;;0;;0;0;0;0;0;1;1;;1;;0;;;0;0;;;0;;1;0;;;0;0;;;0;0;;0;;0;0;;0;0;;;;0;0;1;;;1;1;1;1;1;0;1;1;0;1;0;0
2012-06-25;1;0;;;0;0;;0;1;;;;;;0;;;0;;;;;;;0;0;0;0;0;;0;0;;0;0;;0;0;0;;;0;;;;;0;0;0;1;;0;0;0;0;1;;1;0;;0;0;;1;0;;0;;0;;0;0;0;0;;;0;;0;;0;0;0;0;;0;;;;;0;1;0;0;0;0;;;1;;;;;1;;0;;0;;;;1;0;;0;;0;0;;0;0;0;0;;0;0;;;;0;0;1;0;0;1;1;;1;;0;1;1;0;1;1;0;;0;0
2012-08-12;1;;0;;0;;;0;0;;;;;;0;;;;;;;;;;0;1;;;0;0;0;0;0;0;0;;0;0;;0;;0;;;0;;0;0;0;1;0;0;0;0;0;;;0;0;;0;0;;1;;0;0;0;1;0;0;0;;0;;;0;;0;;0;0;0;0;;;0;;0;;0;1;0;0;0;0;0;1;1;;;;0;1;;0;;;;0;;1;0;;;0;0;;;0;0;0;0;;0;0;;0;0;;;;0;0;0;0;;0;;0;;;0;0;0;;1;0;0
2012-08-28;0;0;0;0;0;0;;0;;;;0;;;0;;;;;;;;;;;1;0;;0;0;0;0;0;0;0;;0;0;0;0;;0;0;;0;0;0;0;;;0;0;;0;0;1;;0;0;0;0;;;1;0;0;0;0;1;0;0;;0;0;;;0;0;0;;0;;0;0;0;;0;;0;0;;;;0;0;0;0;1;0;;0;;0;1;;0;0;;0;0;0;1;0;;0;0;0;0;;;;;0;;0;0;;0;0;0;;;0;0;0;0;;0;0;0;0;0;;0;0;0;1;;0
2012-09-13;1;0;;0;0;0;;0;0;;;;;;;;;0;;;;;;;0;0;0;0;0;;0;;0;;0;;0;0;0;;;;0;;;0;0;0;0;1;;0;0;0;0;1;;0;0;0;0;0;;;0;0;0;0;1;;0;0;0;0;;;0;0;0;;;0;;0;0;0;0;;;0;0;1;0;;0;;0;1;1;;0;;;1;;0;;0;0;;0;;;;0;;0;0;;0;0;0;;;0;0;;;;0;0;0;;0;;0;;0;0;;0;0;0;;0;0;1;0;
2012-11-16;0;0;;0;0;;;0;0;;;;;;;;;;;;;;;;;0;0;;0;;0;;;0;0;;0;;;;;0;0;;;;0;0;0;0;;0;0;0;0;1;;0;1;0;0;;;;0;0;0;0;1;;0;0;0;0;;;0;0;0;;;0;;0;;;0;;;0;0;1;0;0;0;;0;1;1;;;;;1;;0;;0;0;;;;0;;0;;0;;;0;0;0;;;0;0;;;;0;;;;0;0;0;;0;0;;0;0;0;;0;0;1;0;0
2012-12-02;0;;;;;;;0;;;;;;;;;;;;;;;;;;;;;;;;;;;;;0;;;;;;;;;;;;;;;;;;0;;;;0;;;;;;;0;;;;;;;;;;;;;;;;0;;;;;;;;;;1;0;;;;;;1;;;;;;;;;;;;;;0;;;;;;;;;;;;;;;;0;;;;0;;;;;;;;;;;;;;;;
2013-02-04;1;;;;;;;;;;;;;;;;;;;;;;;;;;;;;;;;;;;;;;;;;;;;;;;1;;;;;;;;;;;;;;;;;;;;1;;;;0;;;;;;;;;;1;;;;;;;;;;;;;;;;;;;;;;;;;;;;;;;;;;;;;;;;;;;;;;;;;;;1;0;;;;;;;;;;;;;1;;
2013-02-20;1;;1;1;1;;;0;1;;;1;;;1;;;;;;;;;;1;1;;;1;1;0;0;0;0;1;;1;0;1;1;;0;1;;0;;0;1;0;1;1;0;0;1;0;;;;;1;0;;;1;;1;0;1;1;1;1;0;;0;;;0;1;;;1;1;1;0;;;1;;0;1;1;1;0;1;1;0;1;1;1;;1;;0;;;0;1;;1;0;;1;1;;;0;1;;;0;1;;0;;0;1;;1;0;;;;1;0;1;;;1;1;1;1;1;1;1;1;1;1;1;1
2013-03-31;1;1;0;1;1;0;;0;1;;0;1;;;1;;;1;;;;;;;1;1;1;0;1;1;0;0;0;0;1;;1;0;1;1;;0;1;0;0;0;0;1;0;1;1;0;0;1;0;1;;1;1;1;0;0;;1;1;1;0;1;1;1;0;0;0;0;;;0;1;0;;1;1;0;0;1;1;1;;0;1;1;1;0;1;1;0;1;1;0;;1;;0;1;;0;1;0;1;0;0;1;1;;0;0;0;0;;0;1;1;0;;0;0;;;0;0;1;1;1;0;1;1;;1;1;1;1;1;1;0;1;1;1;1;0
2013-04-10;1;1;;;1;;;0;;;;;;;;;;;;;;;;;;1;1;;;;0;;;0;;;1;;;;;0;;;;;0;0;0;1;;0;0;0;0;;;;1;;0;;;1;1;1;0;1;1;;0;0;0;0;;;0;;0;;1;1;;0;;;;;;;;1;0;;1;;;1;0;;;;;1;;0;;;;;;;1;;0;;0;;;;;;;;0;0;;;;0;;;1;0;;0;;1;1;;1;1;;;;1;1;;
2013-04-17;1;1;0;1;1;0;;0;1;;;1;;;1;;;1;;;;;;;0;1;1;;1;1;0;0;0;0;1;;0;0;1;1;;0;1;;0;0;0;0;0;1;1;0;0;0;0;1;;1;1;1;0;0;;1;1;0;0;1;1;1;0;0;0;0;;;0;1;0;;;;0;0;1;1;1;;0;1;1;1;0;0;1;;1;1;0;;1;;0;1;;0;0;0;1;0;0;1;1;;0;0;0;0;;;1;1;0;;0;0;;1;0;0;1;1;1;0;1;0;;1;1;1;1;1;1;0;1;1;1;1;0
2013-05-03;1;1;0;1;0;0;;0;1;;;;;;1;;;0;;;;;;;0;0;1;;1;1;0;0;0;0;1;;0;0;1;0;;0;1;;0;0;0;0;0;1;1;0;0;0;0;;;1;1;1;0;0;;1;1;0;0;0;1;;0;0;0;0;;;0;0;0;;1;1;0;0;1;0;1;;0;1;1;1;0;0;1;;1;1;0;;1;;;;;0;0;0;1;0;0;1;1;;0;0;0;0;;;1;0;0;;0;0;;1;0;0;1;1;1;0;1;0;;1;1;1;1;1;1;0;1;1;1;1;0
2013-05-19;0;1;0;1;0;0;;0;1;;;1;;;1;;;0;;;;;;;0;1;1;0;1;1;0;0;0;0;1;;0;0;1;0;;0;1;;0;0;0;0;0;1;0;0;0;0;0;;;1;1;1;0;0;;1;1;0;0;0;1;1;0;0;0;0;;;0;0;0;;1;1;0;0;1;0;0;;0;1;1;1;0;0;1;0;0;1;0;;1;;0;1;;0;0;0;0;0;0;;1;;0;0;0;0;;0;1;0;0;;0;0;;1;0;0;1;1;0;0;1;1;;1;1;1;1;1;1;1;1;0;1;1;0
2013-06-04;1;0;0;1;0;0;;0;1;;;1;;;1;;;0;;;;;;;0;1;1;0;1;1;0;0;0;0;1;;0;0;0;0;;0;1;;0;0;0;0;0;1;0;0;0;0;0;;;1;1;1;0;0;;1;1;0;0;0;1;1;0;0;0;0;;;0;0;0;;1;1;0;0;1;0;0;;0;1;0;1;0;0;1;0;0;1;0;;1;;0;;;0;0;0;0;0;0;1;1;;0;0;0;0;;0;1;0;0;;0;0;;1;0;0;0;1;0;0;1;1;;1;1;1;1;1;1;1;1;0;1;1;0
2013-06-20;1;1;0;1;0;0;;0;1;;;;;;1;;;0;;;;;;;0;0;1;;1;1;0;0;0;0;1;;0;0;0;0;;0;1;;0;0;0;0;0;1;0;0;1;0;0;1;;1;1;1;0;0;;1;1;0;0;0;1;1;0;0;0;0;;;0;0;0;;1;1;0;0;1;0;0;;0;1;0;1;0;0;1;;0;1;0;;1;;;1;;0;0;0;0;0;0;;0;;0;0;0;0;;;1;0;0;;0;0;;1;0;0;0;1;0;0;1;1;;1;1;1;1;1;1;1;1;0;1;1;0
2013-07-06;1;1;0;1;0;0;;0;1;;;1;;;0;;;0;;;;;;;0;1;1;;0;1;0;0;0;0;1;;0;0;0;0;;0;0;;0;0;0;0;0;1;0;0;0;0;0;1;;1;1;1;0;0;;1;1;0;0;0;1;1;0;0;0;0;;;0;0;0;;1;1;0;0;1;0;0;;0;1;0;1;0;0;0;;0;1;0;;1;;0;1;;0;0;0;0;0;0;1;0;;0;0;0;0;;;1;0;0;;0;0;;1;0;0;0;1;0;0;1;0;;1;1;1;1;1;1;1;1;0;1;1;0
2013-07-22;1;0;0;1;0;0;;0;1;;;;;;0;;;0;;;;;;;0;1;1;;0;1;0;0;0;0;1;;0;0;0;0;;0;0;;0;0;0;0;0;1;0;0;0;0;0;1;;1;1;1;0;0;;1;0;0;0;0;1;1;0;0;0;0;;;0;0;0;;1;1;0;0;1;0;0;;0;1;0;1;0;0;0;;0;1;0;;1;;;;;0;0;0;0;0;0;1;0;;0;0;0;0;;;1;0;0;;0;0;;1;0;0;0;1;1;0;1;0;;1;1;0;0;1;1;1;1;0;1;1;0
2013-08-07;0;0;0;1;0;0;;0;0;;;0;;;0;;;0;;;;;;;0;0;1;;0;1;0;0;0;0;0;;0;0;0;0;;0;0;;0;0;0;0;0;1;0;0;0;0;0;;;1;1;0;0;0;;1;0;0;0;0;1;1;0;0;0;0;;;0;0;0;;1;1;0;0;1;0;0;;0;0;0;1;0;0;0;;0;1;0;;0;;0;;;0;0;0;0;0;0;1;0;;0;0;0;0;;;1;0;0;;0;0;;0;0;0;0;1;0;0;0;0;;0;0;0;0;1;1;1;1;0;1;1;0
2013-08-23;1;0;0;1;0;0;;0;0;;;0;;;0;;;0;;;;;;;0;1;1;0;0;0;0;0;0;0;0;;0;0;0;0;;0;0;;0;0;0;0;0;1;0;0;0;0;0;1;;0;1;0;0;0;;1;0;0;0;0;1;1;0;0;0;0;;;0;0;0;;1;1;0;0;1;0;0;;0;0;0;1;0;0;0;;0;1;1;;0;;0;1;;0;0;0;0;0;0;;0;;0;0;0;0;;0;0;0;0;;0;0;;0;0;0;0;1;0;0;0;0;;0;0;0;0;0;0;0;1;0;1;0;0
2013-09-08;0;0;0;0;0;0;;0;0;;;0;;;0;;;0;;;;;;;0;1;0;0;0;0;0;0;0;0;0;;0;0;0;0;;0;0;;0;0;0;0;0;1;0;0;0;0;0;1;;0;1;0;0;0;;1;0;0;0;0;0;1;0;0;0;0;;;0;0;0;;0;0;0;0;1;0;0;;0;0;0;1;0;0;0;;0;1;1;;0;;0;;;0;0;0;0;0;0;;0;;0;0;0;0;;0;0;0;0;;0;0;;0;0;0;0;1;0;0;0;0;;0;0;0;0;0;0;0;0;0;1;0;0
2013-09-24;1;0;0;0;0;0;;0;0;;;;;;0;;;0;;;;;;;0;1;0;;0;0;0;0;0;0;0;;0;0;0;0;;0;0;;0;0;0;0;0;0;0;0;0;0;0;1;;0;1;0;0;0;;1;0;0;0;0;0;;0;0;0;0;;;0;0;0;;0;0;0;0;1;0;0;;0;0;0;1;0;0;0;;0;1;1;;0;;;1;;0;0;0;0;0;0;1;0;;0;0;0;0;;;0;0;0;;0;0;;0;0;0;0;1;0;0;0;0;;0;0;0;0;0;0;0;0;0;1;0;0
2013-10-10;0;0;0;0;0;0;;0;0;;;0;;;0;;;0;;;;;;;0;1;0;;0;0;0;0;0;0;0;;0;0;0;0;;0;0;;0;0;0;0;0;0;0;0;0;0;0;;;0;1;0;0;0;;1;0;0;0;0;1;1;0;0;0;0;;;0;0;0;;0;0;0;0;0;0;0;;0;0;0;1;0;0;0;;0;1;1;;0;;0;1;;0;0;0;0;0;0;1;0;;0;0;0;0;;;0;0;0;;0;0;;0;0;0;0;0;0;0;0;0;;0;0;0;0;0;0;0;0;0;1;0;0
2013-10-26;0;0;0;0;0;0;;0;0;;;;;;0;;;0;;;;;;;0;1;0;;0;0;0;0;0;0;0;;0;0;0;0;;0;0;;0;0;0;0;0;0;0;0;0;0;0;1;;0;0;0;0;0;;1;0;0;0;0;1;;0;0;0;0;;;0;0;0;;0;0;0;0;0;0;0;;0;0;0;1;0;0;0;;0;1;1;;0;;;1;;0;0;0;0;0;0;;0;;0;0;0;0;;;0;0;0;;0;0;;0;0;0;0;0;0;0;0;0;;0;0;0;0;0;0;0;0;0;1;0;0
2013-11-11;0;0;0;0;;;;0;0;;;0;;;0;;;;;;;;;;;1;0;;0;0;0;0;;0;0;;0;0;;;;0;0;;0;0;0;0;0;0;0;0;0;0;0;1;;0;1;0;0;0;;1;0;0;0;0;1;1;0;;;;;;0;0;;;0;1;;;0;0;0;;;0;0;1;0;0;0;;;1;1;;;;0;1;;;0;;;0;0;;0;;;0;0;0;;;0;0;0;;;;;0;0;0;0;1;0;0;0;0;;0;0;0;0;0;0;0;0;;1;;0
2013-11-27;0;0;0;1;0;0;;0;0;;;0;;;;;;0;;;;;;;0;1;;;1;0;0;;0;0;0;;;0;0;0;;0;0;;0;0;0;0;0;0;0;0;0;0;0;1;;1;1;;0;0;;;0;0;0;0;1;1;0;0;0;0;;;0;0;0;;0;0;0;0;0;0;0;;0;1;0;;;0;0;;0;1;1;;0;;;1;;0;0;0;0;0;0;1;0;;0;0;0;0;;;1;0;0;;0;0;;;0;0;0;0;0;0;1;0;;0;0;0;1;0;1;1;0;0;1;0;0
2014-03-19;1;1;0;1;1;0;;0;1;;;;;;1;;;1;;;;;;;1;1;1;;1;1;0;0;0;0;1;;1;1;1;1;;1;1;;0;0;1;1;1;1;1;0;1;1;1;1;;1;1;0;0;1;;1;1;1;0;0;;1;1;0;0;0;;;0;1;1;;1;1;1;0;1;1;1;;0;1;1;1;0;1;1;;1;1;0;;1;;;1;;0;0;0;1;0;0;1;1;;0;0;1;0;;;1;0;0;;0;0;;1;0;0;1;1;1;0;1;1;;1;1;1;1;1;1;1;1;1;1;1;0
2014-04-04;1;1;0;;1;0;;0;;;;;;;1;;;;;;;;;;1;1;1;;1;;0;0;0;;1;;1;1;1;1;;1;;;0;0;0;;0;;1;0;;1;0;1;;;1;0;0;1;;1;1;1;0;;1;1;1;0;;0;;;;;0;;1;1;1;0;1;;;;1;1;1;1;0;1;1;;1;1;0;;;;;1;;0;0;0;;;;;1;;0;0;0;0;;;1;0;0;;0;;;1;0;0;1;1;1;0;;;;;;;;;;;;1;1;1;
2014-04-20;1;1;1;1;1;0;;1;1;;;;;;1;;;1;;;;;;;1;1;1;;1;1;0;0;0;0;1;;1;1;1;1;;1;1;;0;0;0;1;0;1;1;0;0;1;0;1;;1;1;0;0;0;;1;1;1;;0;;;0;0;0;;;;;1;0;;1;1;1;0;1;1;;;0;1;1;1;0;1;1;;1;1;0;;1;;;1;;0;0;;1;0;0;1;1;;0;0;0;0;;;1;1;0;;;;;1;0;0;1;1;1;0;1;0;;;1;1;1;1;1;1;1;1;1;1;0
2014-05-22;1;1;1;1;1;0;;0;1;;;0;;;1;;;1;;;;;;;1;1;1;;1;1;0;0;0;0;1;;1;1;1;1;;0;1;;0;0;0;1;0;1;1;0;0;1;0;1;;1;1;0;0;0;;1;1;1;0;0;1;1;0;0;0;0;;;0;1;0;;1;1;1;0;1;1;1;;0;1;1;1;0;1;1;;1;1;0;;1;;0;1;;0;0;0;1;0;0;1;1;;0;0;0;0;;;1;1;0;;0;0;;1;0;0;1;1;1;0;1;1;;1;1;1;1;1;1;1;1;1;1;1;0
2014-06-07;1;1;0;1;1;0;;0;1;;;0;;;1;;;1;;;;;;;1;1;1;0;1;1;0;0;0;0;1;;1;1;1;1;;1;1;;0;0;0;1;0;1;0;0;0;1;0;1;;1;1;0;0;0;;1;1;1;0;0;1;1;0;0;0;0;;;0;1;0;;1;1;0;0;1;1;1;;0;1;1;1;0;0;1;;1;1;0;;1;;0;1;;0;0;0;1;0;0;1;1;;0;0;0;0;;1;1;0;0;;0;0;;1;0;0;1;1;1;0;1;1;;1;1;1;1;1;1;1;1;1;1;1;0
2014-06-23;1;1;0;1;0;0;;1;1;;;0;;;1;;;1;;;;;;;1;1;1;;1;1;0;0;0;0;1;;1;1;1;1;;1;1;;0;0;0;0;0;1;0;0;0;1;0;1;;1;1;0;0;0;;1;1;0;0;0;1;1;0;0;0;0;;;0;1;0;;1;1;0;0;1;1;1;;0;1;0;1;0;0;1;;1;1;0;;1;;;1;;0;0;0;1;1;0;1;1;;0;0;0;0;;;1;0;0;;0;0;;1;0;0;1;1;0;0;1;1;;1;1;1;1;1;1;1;1;1;1;1;0
2014-07-09;1;1;0;1;0;0;;0;1;;;0;;;1;;;1;;;;;;;1;1;1;;1;1;0;0;0;0;1;;1;1;1;0;;1;1;;0;0;0;1;0;1;0;0;0;1;0;;;1;1;0;0;0;;1;1;0;0;0;1;1;0;0;0;0;;;0;1;0;;1;1;0;0;1;1;1;;0;1;0;1;0;0;1;;1;1;0;;1;;0;1;;0;0;0;1;1;0;1;1;;0;0;0;0;;;1;0;0;;0;0;;1;0;0;1;1;0;0;1;0;;1;1;1;1;1;1;1;1;0;1;1;0
2014-07-25;1;1;0;1;0;0;;0;1;;;;;;1;;;1;;;;;;;1;1;1;;1;1;0;0;0;0;1;;0;1;0;0;;1;1;;0;0;0;0;0;1;0;0;0;1;0;1;;1;1;0;0;0;;1;1;0;0;0;1;1;0;0;0;0;;;0;0;0;;1;1;0;0;1;0;1;;0;1;0;1;0;0;1;;0;1;0;;1;;;1;;0;0;0;1;1;0;1;1;;0;0;0;0;;;1;0;0;;0;0;;1;0;0;1;1;0;0;1;1;;1;1;1;1;1;1;1;1;0;1;1;0
2014-08-10;1;0;0;1;0;0;;0;1;;;0;;;1;;;1;;;;;;;1;1;1;;1;1;0;0;0;0;1;;0;1;0;0;;0;0;;0;0;0;0;0;1;0;0;0;0;0;1;;1;0;0;0;0;;1;1;0;0;0;1;1;0;0;0;0;;;0;0;0;;0;1;0;0;1;0;0;;0;1;0;1;0;0;0;;0;1;1;;1;;0;1;;0;0;0;1;1;0;1;1;;0;0;0;0;;0;1;0;0;;0;0;;1;0;0;1;1;0;0;1;1;;1;1;1;1;1;1;1;1;0;1;1;0
2014-08-26;1;1;0;1;0;0;;0;1;;;0;;;0;;;1;;;;;;;1;1;1;;1;1;0;0;0;0;1;;0;1;0;0;;0;0;;0;0;0;0;0;1;0;0;0;0;0;1;;1;0;0;0;0;;1;1;1;0;0;1;1;0;0;0;0;;;0;0;0;;0;1;0;0;1;0;0;;0;1;0;1;0;0;0;;0;1;1;;1;;;1;;0;0;0;1;0;0;1;1;;0;0;0;0;;;1;0;0;;0;0;;1;0;0;1;1;0;0;1;0;;1;1;1;0;0;1;1;1;0;1;1;0
2014-09-11;1;0;0;1;0;0;;0;1;;;0;;;0;;;1;;;;;;;0;1;1;;1;1;0;0;0;0;1;;0;0;0;0;;0;0;;0;;0;0;0;1;0;0;0;0;0;1;;1;0;0;0;0;;1;1;0;0;0;1;;0;0;0;0;;;0;0;0;;0;1;0;0;1;0;0;;0;1;0;1;0;0;0;;0;1;1;;1;;;1;;0;0;0;0;0;0;1;0;;0;;0;0;;;1;0;0;;0;0;;1;0;0;0;1;0;0;0;0;;1;1;1;0;0;1;1;1;0;1;1;0
2014-09-27;1;0;0;1;0;0;;0;1;;;;;;0;;;0;;;;;;;0;1;1;;1;1;0;0;0;0;1;;0;0;0;0;;0;0;;0;0;0;0;0;1;0;0;0;0;0;1;;1;0;0;0;0;;1;1;0;0;0;1;;0;0;0;0;;;0;0;0;;0;1;0;0;1;0;0;;0;1;0;1;0;0;0;;0;1;1;;1;;;1;;0;0;0;0;0;0;1;0;;0;0;0;0;;;1;0;0;;0;0;;1;0;0;0;1;0;0;0;0;;1;1;1;0;0;1;0;1;0;1;1;0
2014-10-13;1;0;0;0;0;0;;0;1;;;0;;;0;;;0;;;;;;;0;1;1;;0;1;0;0;0;0;1;;0;0;0;0;;0;0;;0;0;0;0;0;1;0;0;0;0;0;1;;1;1;0;0;0;;1;1;0;0;0;1;1;0;0;0;0;;;0;0;0;;0;1;0;0;1;0;0;;0;1;0;1;0;0;0;;0;1;1;;0;;0;1;;0;0;0;0;0;0;1;0;;0;0;0;0;;;1;0;0;;0;0;;1;0;0;0;1;0;0;0;0;;0;1;0;0;0;1;0;1;0;1;1;0
2014-10-29;0;0;0;0;0;0;;0;0;;;;;;0;;;0;;;;;;;0;1;0;;0;0;0;0;0;0;0;;0;0;0;0;;0;0;;0;0;0;0;0;1;0;0;0;0;0;;;0;1;0;0;0;;1;0;0;0;0;1;;0;0;0;0;;;0;0;0;;0;1;0;0;0;0;0;;0;1;0;1;0;0;0;;0;1;1;;0;;;1;;0;0;0;0;0;0;1;0;;0;0;0;0;;;1;0;0;;0;0;;0;0;0;0;1;0;0;0;0;;0;0;0;0;0;0;0;0;0;1;1;0
2014-11-14;1;0;0;0;0;;;0;0;;;0;;;0;;;0;;;;;;;;1;0;;0;0;0;0;0;0;1;;0;0;0;0;;0;0;;0;0;0;0;;1;;0;0;0;0;1;;0;1;;;0;;1;1;1;0;0;1;1;0;0;0;0;;;0;;;;0;1;;0;1;;0;;;1;0;1;0;0;0;;0;1;1;;0;;0;1;;0;;;0;0;0;1;0;;0;0;0;0;;;0;;0;;0;;;0;0;0;;1;0;0;0;0;;0;0;0;;0;0;0;0;0;1;1;0
2015-01-17;1;1;;;0;0;;0;0;;;;;;;;;;;;;;;;;;1;;1;1;0;;0;0;1;;0;1;;1;;1;1;;;;0;0;0;;1;0;0;0;0;1;;;1;;0;0;;1;0;1;0;0;0;;0;0;;0;;;0;0;0;;0;1;0;0;;1;;;0;1;;1;0;1;1;;0;1;1;;1;;;1;;0;0;0;1;1;0;;1;;;0;0;1;;;1;1;0;;0;;;;0;0;1;;0;0;1;1;;;0;0;1;1;1;1;1;1;1;1;0
2015-02-18;1;1;1;1;1;0;;0;1;;;;;;1;;;0;;;;;;;0;1;1;;1;1;0;0;0;0;1;;1;1;1;0;;0;1;;0;0;0;0;0;1;1;0;0;1;0;1;;1;1;1;0;0;;1;1;1;0;0;1;;1;0;0;0;;;0;0;0;;0;1;0;0;1;1;1;;0;1;1;1;0;1;1;;0;1;1;;1;;;1;;0;0;0;1;0;0;1;1;;0;0;1;0;;;1;1;0;;0;1;;1;0;0;1;1;1;0;1;0;;0;0;0;1;1;1;1;1;1;1;1;0
2015-03-06;1;1;1;1;0;0;;0;0;;;;;;1;;;1;;;;;;;1;1;1;;1;1;0;0;0;0;1;;1;1;1;0;;1;1;;0;0;0;1;0;1;1;0;0;1;0;1;;1;0;0;0;0;;1;1;1;0;0;1;1;0;0;0;0;;;0;0;0;;0;1;0;0;1;1;1;;0;1;1;1;0;1;1;;0;1;1;;1;;;1;;0;1;0;1;0;0;1;1;;0;0;0;0;;;1;1;0;;0;0;;;0;0;1;1;0;0;1;1;;0;0;0;1;1;1;1;1;0;1;1;0
2015-03-22;1;1;;1;0;0;;0;0;;;;;;;;;;;;;;;;0;1;1;;;;0;;;0;1;;1;1;1;0;;0;1;;0;;0;0;0;1;1;0;0;0;0;1;;1;1;1;0;0;;1;0;1;0;0;1;1;0;0;0;0;;;0;0;0;;0;1;0;0;1;;1;;0;1;1;1;0;1;1;;;1;0;;;;;1;;0;;;;0;0;;;;0;0;0;0;;;1;;0;;0;0;;1;;0;;1;0;0;1;0;;0;0;0;1;1;1;0;1;0;1;;0
2015-04-23;0;1;0;1;0;0;;1;0;;;;;;1;;;1;;;;;;;1;1;1;;1;1;0;;;0;;;1;1;;0;;0;1;;0;0;0;1;0;1;1;0;0;1;1;;;1;0;;0;0;;1;1;1;0;0;1;;0;0;0;0;;;0;1;0;;1;1;;0;;1;1;;0;1;1;1;0;1;;0;;;1;;;;0;1;;0;0;0;1;;;;;;0;0;0;0;;1;1;1;0;;0;0;;;;;;1;0;0;1;0;;1;0;0;1;1;1;0;1;0;1;;0
2015-05-09;1;1;0;1;0;0;;1;0;;;0;;;1;;;1;;;;;;;1;1;1;;1;1;0;0;0;0;1;;1;1;1;0;;0;1;;0;0;0;0;0;1;0;0;0;1;0;1;;1;0;0;0;0;;1;0;1;0;0;1;1;0;0;0;0;;;0;0;0;;0;1;0;0;1;0;1;;0;1;1;1;0;0;1;;0;1;0;;1;;0;1;;0;0;0;1;0;0;1;1;;0;0;;0;;;1;0;0;;0;0;;1;0;0;0;1;0;0;1;0;;0;0;0;1;1;1;1;1;0;1;1;0
2015-05-25;1;1;1;1;0;0;;1;0;;;0;;;1;;;1;;;;;;;0;1;1;;1;1;0;0;0;0;1;;0;1;1;0;;1;1;;0;0;0;0;0;1;0;0;0;1;0;;;1;0;1;0;0;;1;1;1;0;0;1;1;0;0;0;0;;;0;0;0;;0;1;0;0;1;0;1;;0;1;1;1;0;0;1;;0;1;0;;1;;0;1;;0;0;0;0;1;0;1;1;;0;0;0;0;;0;1;0;0;;0;0;;1;0;0;0;1;0;0;1;0;;0;0;0;1;1;1;1;1;0;1;1;0
2015-06-10;1;1;0;1;0;0;;0;0;;;0;;;1;;;1;;;;;;;0;1;1;0;1;1;0;0;0;0;1;;0;1;1;0;;0;1;;0;0;0;0;0;1;0;0;0;1;1;1;;1;0;1;0;0;;1;0;0;0;0;1;1;0;0;0;0;;;0;0;0;;1;1;0;0;1;0;1;;0;1;1;1;0;0;1;0;0;1;1;;1;;0;1;;0;0;0;0;1;0;1;1;;0;0;0;0;;0;1;0;0;;0;0;;1;0;0;0;1;0;0;1;0;;0;0;0;1;1;1;1;1;0;1;1;0
2015-07-12;1;1;0;1;0;0;;0;0;;;0;;;0;;;0;;;;;;;0;1;1;0;1;;0;0;0;0;1;;0;0;0;0;;0;0;;0;0;0;0;0;1;0;0;0;1;1;1;;1;0;1;0;0;;1;0;0;0;0;0;1;0;0;0;0;;;0;0;0;;1;1;0;0;1;0;0;;0;1;0;1;0;0;0;0;0;1;1;;0;;0;1;;0;0;0;0;1;0;1;0;;0;0;0;0;;0;1;0;0;;0;0;;1;0;0;0;0;0;0;1;0;;0;0;0;0;1;1;1;1;0;1;1;0
2015-07-28;1;0;0;1;0;0;;0;0;;;0;;;0;;;0;;;;;;;0;1;1;;0;1;0;0;0;0;1;;0;0;0;0;;0;0;;0;0;0;0;0;1;0;0;0;1;0;1;;1;0;1;0;0;;1;0;1;0;0;0;1;0;0;0;0;;;0;0;0;;0;1;0;0;1;0;0;;0;1;0;1;0;0;0;;0;1;1;;0;;0;1;;0;0;0;0;0;0;1;0;;0;0;0;0;;0;1;0;0;;0;0;;0;0;0;0;0;0;0;1;0;;0;0;0;0;1;0;1;1;0;1;1;0
2015-08-13;1;0;0;1;0;0;;0;0;;;;;;0;;;0;;;;;;;0;1;0;;0;1;0;0;0;0;1;;0;0;0;0;;0;0;;0;0;0;0;0;1;0;0;0;0;0;1;;1;0;1;0;0;;1;0;1;0;0;0;1;0;0;0;0;;;0;0;0;;0;0;0;0;1;0;0;;0;1;0;1;0;0;0;;0;1;1;;0;;;1;;0;0;0;0;0;0;1;0;;0;0;0;0;;;1;0;0;;0;0;;0;0;0;0;0;0;0;1;0;;0;0;0;0;1;0;1;1;0;1;0;0
2015-08-29;1;0;0;1;0;0;;0;0;;;;;;0;;;0;;;;;;;0;1;0;;0;1;0;0;0;0;1;;0;0;0;0;;0;0;;0;0;0;0;0;0;0;0;0;0;0;1;;0;0;1;0;0;;1;0;1;0;0;0;1;0;0;0;0;;;0;0;0;;0;0;0;0;1;0;0;;0;1;0;1;0;0;0;;0;1;1;;0;;;1;;0;0;0;0;0;0;1;0;;0;0;0;0;;;0;0;0;;0;0;;0;0;0;0;0;0;0;0;0;;0;0;0;0;0;0;1;0;0;1;0;0
2015-09-14;0;0;0;0;0;0;;0;0;;;0;;;0;;;0;;;;;;;0;1;0;;0;0;0;0;0;0;1;;0;0;0;0;;0;0;;0;0;0;0;0;0;0;0;0;0;0;1;;0;0;0;0;0;;1;0;0;0;0;0;1;0;0;0;0;;;0;0;0;;0;0;0;0;0;0;0;;0;0;0;1;0;0;0;;0;1;1;;0;;0;1;;0;0;0;0;0;0;1;0;;0;0;0;0;;;0;0;0;;0;0;;0;0;0;0;0;0;0;0;0;;0;0;0;0;0;0;0;0;0;1;0;0
2015-09-30;0;0;0;0;0;0;;0;0;;;0;;;0;;;0;;;;;;;0;1;0;;0;0;0;0;0;0;0;;0;0;0;0;;0;0;;0;0;0;0;0;0;0;0;0;0;0;1;;0;0;0;0;0;;1;0;0;0;0;0;1;0;0;0;0;;;0;0;0;;0;0;0;0;0;0;0;;0;0;0;1;0;0;0;;0;1;1;;0;;0;1;;0;0;0;0;0;0;1;0;;0;0;0;0;;0;0;0;0;;0;0;;0;0;0;0;0;0;0;0;0;;0;0;0;0;0;0;0;0;0;1;0;0
2015-11-01;0;0;0;0;0;0;;0;0;;;0;;;0;;;0;;;;;;;0;1;0;;0;0;0;0;0;0;0;;0;0;0;0;;0;0;;0;0;0;0;0;0;0;0;0;0;0;1;;0;0;0;0;0;;1;0;0;0;0;0;1;0;0;0;0;;;0;0;0;;0;0;0;0;0;0;0;;0;0;0;1;0;0;0;;0;1;1;;0;;;1;;0;0;0;0;0;0;1;0;;0;0;0;0;;;0;0;0;;0;0;;0;0;0;0;0;0;0;0;0;;0;0;0;0;0;0;0;0;0;1;0;0
2016-01-04;0;0;0;0;0;0;;0;0;;;;;;0;;;0;;;;;;;0;0;0;;1;0;0;0;0;0;0;;0;0;0;0;;0;0;;0;0;0;0;0;0;0;0;0;0;0;1;;0;0;0;0;0;;1;0;0;0;0;1;;0;0;0;0;;;0;0;0;;0;1;0;0;0;0;0;;0;1;0;1;0;0;0;;0;1;1;;0;;;1;;0;0;0;0;0;0;1;0;;0;0;0;0;;;0;0;0;;0;0;;0;0;0;0;0;1;0;0;0;;0;0;0;0;0;0;0;0;0;1;1;0
2016-01-20;1;0;0;0;1;0;;0;0;;;;;;0;;;0;;;;;;;1;1;;;1;0;;1;1;0;1;;0;1;0;0;;0;1;;0;0;0;0;0;1;1;0;0;0;0;1;;0;0;0;0;0;;1;0;1;0;0;1;1;0;0;0;0;;;0;0;0;;0;1;;0;0;0;0;;0;0;0;1;0;0;1;;1;1;0;;;;;1;;0;1;0;1;0;0;1;1;;0;0;0;0;;;0;1;0;;0;0;;;0;0;0;1;1;0;0;0;;0;0;0;0;0;0;0;0;1;1;1;0
2016-02-05;1;0;0;0;1;0;;0;0;;;;;;0;;;;;;;;;;;1;0;;1;;0;0;0;0;1;;0;;0;0;;0;1;;0;0;0;0;0;1;;0;0;;;1;;0;0;0;;;;1;1;1;0;0;1;1;;0;0;0;;;;0;0;;0;1;1;0;0;;0;;0;0;0;1;0;0;0;;1;1;1;;0;;;1;;0;;;1;;;;1;;0;0;1;;;;0;;0;;0;0;;1;0;0;1;1;1;0;0;0;;0;0;0;1;0;0;0;0;1;1;1;0
2016-02-21;0;0;0;1;0;0;;0;0;;;;;;0;;;0;;;;;;;0;1;0;;0;0;;0;0;0;;;0;1;;0;;0;0;;;0;0;0;0;1;1;0;0;0;0;1;;0;0;0;0;0;;1;0;1;;0;;;0;;0;0;;;0;1;;;0;1;1;;0;0;1;;0;0;1;1;0;0;0;;0;0;0;;0;;;1;;0;0;0;1;0;0;1;;;0;0;;0;;;0;1;1;;0;0;;;0;;0;1;1;;1;0;;0;0;0;1;0;0;0;0;1;1;0;0
2016-04-25;1;1;0;1;1;0;;0;1;;;;;;0;;;0;;;;;;;0;1;1;;1;0;0;0;0;0;1;;0;1;1;0;;1;1;;0;0;1;0;0;1;1;0;1;1;0;;;1;0;0;0;0;;1;1;1;0;0;1;1;0;0;0;0;;;0;1;0;;1;1;0;0;0;0;1;;0;1;1;1;0;0;1;;0;1;0;;0;;;;;0;0;0;1;0;0;1;1;;0;0;0;0;;;1;1;0;;0;0;;1;0;0;1;1;1;0;1;1;;1;1;1;1;1;1;0;1;1;1;1;1
2016-05-11;1;0;0;1;1;0;;0;1;;;0;;;0;;;0;;;;;;;0;1;0;0;1;0;0;0;0;0;1;;0;0;1;0;;1;1;;0;0;1;0;0;1;1;0;1;1;0;1;;1;0;0;0;0;;1;1;1;0;0;;1;0;0;0;0;;;0;1;0;;1;0;0;0;0;0;1;;0;1;1;1;0;0;0;;0;1;0;;0;;0;1;;0;0;0;0;0;0;1;1;;0;0;1;0;;1;1;1;0;;0;0;;1;0;0;1;1;1;0;1;1;;1;1;1;1;1;1;0;1;1;1;0;0
2016-05-27;1;1;0;1;1;0;;0;1;;;0;;;0;;;0;;;;;;;0;1;0;;1;0;0;0;0;0;1;;0;0;1;0;;1;1;;0;0;1;0;0;1;1;0;1;1;0;;;1;0;0;0;0;;1;0;1;0;1;1;1;1;0;0;0;;;0;1;0;;1;1;0;0;0;0;1;;0;1;1;1;0;0;0;;0;1;0;;0;;0;1;;0;0;0;0;0;0;1;1;;0;0;0;0;;;1;1;0;;0;0;;1;0;0;1;1;1;0;1;1;;1;1;1;1;1;1;0;1;1;1;0;0
2016-06-12;1;0;0;1;0;0;;0;1;;;;;;0;;;0;;;;;;;0;1;0;;1;0;0;0;0;0;1;;0;0;1;0;;1;1;;0;0;1;0;0;1;1;0;1;1;0;;;1;0;0;0;0;;1;0;0;0;0;1;;1;0;0;0;;;0;1;0;;1;0;0;0;0;0;1;;0;1;1;1;0;0;0;;0;1;1;;0;;;;;0;0;0;0;0;0;1;1;;0;0;0;0;;;1;1;0;;0;0;;0;0;0;1;1;1;0;1;1;;1;1;1;1;1;1;0;1;0;1;0;0
2016-06-28;1;0;0;1;0;0;;0;1;;;;;;0;;;0;;;;;;;0;1;0;;1;0;0;0;0;0;1;;0;0;1;0;;1;1;;0;0;0;0;0;1;1;0;1;1;0;1;;1;0;0;0;0;;1;0;1;0;0;;1;0;0;0;0;;;0;1;0;;1;0;0;0;0;0;1;;0;1;1;1;0;0;0;;0;1;0;;0;;;1;;0;0;0;0;0;0;1;1;;0;0;0;0;;;1;1;0;;0;0;;0;0;0;1;1;1;0;1;1;;1;1;1;1;1;1;0;1;0;;0;0
2016-07-30;0;0;0;1;0;0;;0;1;;;;;;0;;;0;;;;;;;0;1;0;;1;0;0;0;0;0;1;;0;0;1;0;;1;1;;0;0;0;0;0;1;1;0;0;1;0;;;1;0;0;0;0;;1;0;0;0;0;1;1;0;0;0;0;;;0;0;0;;1;0;0;0;0;0;0;;0;1;0;1;0;0;0;;0;1;1;;0;;;1;;0;0;0;0;0;0;1;1;;0;0;0;0;;;1;1;0;;0;0;;0;0;0;0;0;1;0;1;0;;1;1;1;1;1;1;0;1;0;1;0;0
2016-08-15;1;0;0;1;0;0;;0;1;;;;;;0;;;0;;;;;;;0;1;0;;;0;0;0;0;0;1;;0;0;0;0;;1;1;;0;0;0;0;0;1;1;0;0;1;0;1;;1;0;0;0;0;;1;0;0;0;0;1;;1;0;0;0;;;0;0;0;;1;0;0;0;0;0;0;;0;1;0;1;0;0;0;;0;1;1;;0;;;1;;0;0;0;0;0;0;1;0;;0;0;1;0;;;1;1;0;;0;0;;0;0;0;0;0;0;0;1;0;;1;1;1;1;1;1;0;1;0;1;0;0
2016-08-31;0;0;0;1;0;0;;0;1;;;;;;0;;;0;;;;;;;0;1;0;;1;0;0;0;0;0;1;;0;0;0;0;;0;0;;0;0;0;0;0;1;1;0;0;1;0;1;;1;0;0;0;0;;1;0;0;0;0;;0;0;0;0;0;;;0;0;0;;1;0;0;0;0;0;0;;0;1;0;1;0;0;0;;0;1;1;;0;;;1;;0;0;0;0;0;0;1;0;;0;0;0;0;;;1;0;0;;0;0;;0;0;0;0;0;0;0;1;0;;1;1;0;0;1;1;0;1;0;1;0;0
2016-09-16;1;0;0;1;0;0;;0;1;;;;;;0;;;0;;;;;;;0;1;0;;1;0;0;0;0;0;0;;0;0;0;0;;0;0;;0;0;0;0;0;1;1;0;0;1;0;1;;1;1;0;0;0;;1;0;0;0;0;1;0;0;0;0;0;;;0;0;0;;1;0;0;0;0;0;0;;0;1;0;1;0;0;0;;0;1;1;;0;;;1;;0;0;0;0;0;0;1;0;;0;0;0;0;;;1;0;0;;0;0;;0;0;0;0;0;0;0;0;0;;1;1;0;0;0;1;0;1;0;1;0;0
2016-10-02;0;0;0;0;0;0;;0;0;;;;;;0;;;;;;;;;;;1;0;;0;0;0;0;0;0;0;;0;0;0;0;;0;0;;;0;0;0;0;1;1;0;0;0;0;1;;1;0;0;0;;;1;0;0;0;0;1;;0;0;0;0;;;0;0;0;;1;0;0;0;0;;0;;;1;0;1;0;0;0;;0;1;1;;0;;;1;;0;0;;;0;0;1;0;;0;0;0;;;;0;0;;;0;0;;0;;0;0;0;0;0;0;0;;0;1;0;0;0;0;0;1;0;1;0;
2016-10-18;0;0;0;0;0;0;;0;0;;;0;;;0;;;0;;;;;;;0;1;0;;;0;0;0;0;0;0;;0;0;0;0;;0;0;;0;0;0;0;0;1;0;0;0;0;0;1;;0;0;0;0;0;;1;0;0;0;0;1;0;0;0;0;0;;;0;0;0;;1;0;0;0;0;0;0;;0;0;0;1;0;0;0;;0;1;1;;0;;0;1;;0;0;0;0;0;0;1;0;;0;0;0;0;;;;;0;;0;0;;0;0;0;0;0;0;0;0;0;;0;0;0;0;0;0;0;0;0;1;0;0
2017-01-06;1;;;;1;;;;;;;;;;;;;;;;;;;;;1;1;;;;;1;;;1;;0;;;1;;;;;;;0;;;;;;;1;;;;;;;;;;1;;;;;;;0;1;0;;;;;;0;;;0;;;1;;;;;;1;1;;;1;;;1;0;;;;;1;;;;;0;;;;1;;;;;;;;;;0;;;;;;;;;;0;;;;;;;;;;;;;;1;1;
2017-02-07;1;1;;;;0;;;;;;;;;1;;;;;;;;;;;0;1;;;;0;;;;;;;1;1;;;;;;;;1;1;;;;;;;;1;;;;;;;;;1;1;;1;1;;1;0;0;;;;0;;;;;0;;;1;;;;;;;;0;;;;;1;1;;;;;;;;;;;;;;1;;;;;;;;;;;;;;;;;;;;;;;;;;;;;;;;;;1;;
2017-03-11;1;;;1;;1;;1;1;;;;;;1;;;1;;;;;;;1;1;1;;1;;0;0;1;1;0;;;1;0;1;;1;1;;;;1;1;1;1;1;1;1;1;0;1;;1;;0;0;1;;1;1;;0;1;;;1;1;0;0;;;0;1;1;;1;1;1;1;;1;;;0;1;;1;0;;;;1;;1;;0;;;1;;;0;0;1;;;1;;;1;;;0;;;1;;0;;;1;;;;1;;;1;0;1;1;;1;;1;1;1;1;1;1;1;1;1;1
2017-05-14;1;1;0;1;1;0;;1;1;;;;;;0;;;1;;;;;;;1;1;1;;1;1;;0;0;0;1;;0;1;1;0;;1;1;;0;0;1;1;1;1;1;0;1;1;0;;;1;1;0;0;1;;1;0;1;0;1;1;1;1;0;0;0;;;0;1;0;;1;0;0;0;1;1;1;;0;1;1;1;0;1;1;;1;1;1;;1;;;1;;0;0;0;1;0;0;1;1;;0;0;1;0;;;1;1;0;;0;0;;;0;0;0;1;1;0;1;1;;1;1;1;1;1;1;1;1;1;1;1;0
2017-05-30;1;1;0;1;1;0;;0;1;;;1;;;0;;;1;;;;;;;1;1;1;;1;1;0;0;0;0;1;;0;1;0;0;;1;1;;0;0;1;0;1;1;1;0;1;1;0;1;;1;1;0;0;0;;1;0;1;0;1;1;1;1;1;0;0;;;0;1;0;;1;0;0;0;1;1;1;;0;1;1;1;0;1;1;;1;1;1;;1;;;1;;0;0;0;1;;0;;1;;0;0;1;0;;;1;0;0;;0;0;;1;1;0;0;1;0;0;1;1;;1;1;1;1;1;1;1;1;1;1;1;0
2017-06-15;1;1;1;1;1;0;;1;1;;;1;;;0;;;1;;;;;;;1;1;1;;1;1;0;0;0;0;1;;0;1;0;0;;1;1;;0;0;1;0;1;1;1;0;1;1;1;;;1;1;0;0;0;;1;0;1;0;0;1;1;0;1;0;0;;;0;1;0;;1;0;0;0;1;1;1;;0;1;1;1;0;1;0;;1;1;0;;1;;0;;;0;0;0;1;0;0;1;1;;0;0;1;0;;;1;0;0;;0;0;;1;0;0;0;1;0;0;1;1;;1;1;1;1;1;1;1;1;1;1;1;0
2017-07-01;1;1;;1;1;0;;0;1;;;;;;0;;;1;;;;;;;1;1;1;;1;1;0;0;0;0;1;;0;1;0;0;;1;1;;0;0;0;0;1;1;1;0;1;1;1;1;;1;1;0;0;0;;1;0;0;0;0;1;;0;0;0;0;;;0;1;0;;;0;;0;1;1;1;;0;1;0;1;0;0;0;;1;1;0;;0;;;1;;0;0;0;1;1;0;1;1;;0;;1;0;;;1;0;0;;0;0;;1;;0;0;;0;0;1;1;;1;1;1;1;1;1;1;1;1;1;1;0
2017-07-17;1;1;1;1;1;0;;0;1;;;;;;0;;;1;;;;;;;1;1;1;;1;1;0;0;0;0;1;;0;0;0;0;;1;1;;0;0;1;0;1;1;1;0;0;1;1;1;;1;1;0;0;0;;1;0;0;0;0;1;;0;1;0;0;;;0;1;0;;1;0;0;0;1;1;1;;0;1;1;1;0;0;0;;1;1;1;;0;;;1;;0;0;0;1;1;0;1;0;;0;0;1;0;;;1;0;0;;0;0;;1;0;0;0;1;0;0;1;1;;1;1;1;1;1;1;1;1;1;1;1;0
2017-08-18;1;1;0;1;0;0;;0;1;;;1;;;0;;;1;;;;;;;1;1;1;;1;1;0;0;0;0;1;;0;0;0;0;;1;1;;0;0;1;0;0;1;1;0;0;1;1;1;;1;1;0;0;0;;1;0;1;0;0;1;1;0;1;0;0;;;0;0;0;;1;0;0;0;1;0;0;;0;1;0;1;0;0;0;;0;1;1;;0;;;1;;0;0;0;0;1;0;1;0;;0;0;1;0;;;1;0;0;;0;0;;1;0;0;0;1;0;0;1;1;;1;1;1;1;1;1;1;1;1;1;1;0
2017-09-03;1;1;1;1;0;0;;0;1;;;;;;0;;;1;;;;;;;0;1;1;;1;1;0;0;0;0;1;;0;0;0;0;;1;1;;0;0;1;0;0;1;1;0;0;1;0;;;1;1;0;0;0;;1;0;0;0;0;1;1;0;0;0;0;;;0;0;0;;1;0;0;0;1;0;0;;0;1;0;1;0;0;0;;0;1;1;;0;;;1;;0;0;0;0;1;0;1;0;;0;0;1;0;;;1;0;0;;0;0;;1;0;0;0;1;0;0;0;0;;1;1;1;0;1;1;1;1;1;1;1;0
2017-09-19;1;0;0;1;0;0;;0;1;;;;;;0;;;0;;;;;;;0;1;1;;1;1;0;0;0;0;1;;0;0;0;0;;1;1;;0;0;1;0;0;1;0;0;0;1;1;1;;1;1;0;0;0;;1;0;0;0;0;1;1;0;0;0;0;;;0;0;0;;1;0;0;0;1;0;0;;0;1;0;1;0;0;0;;0;1;1;;0;;;1;;0;0;0;0;0;0;1;0;;0;0;1;0;;;1;0;0;;0;0;;1;0;0;0;1;0;0;0;0;;1;1;1;0;0;1;0;1;1;1;0;0
2017-10-05;1;0;0;1;0;0;;0;1;;;0;;;0;;;0;;;;;;;0;1;1;;1;0;0;0;0;0;1;;0;0;0;0;;0;0;;0;0;1;0;0;1;0;0;0;1;0;1;;1;1;0;0;0;;1;0;1;0;0;1;1;0;0;0;0;;;0;0;0;;1;0;0;0;1;0;0;;0;1;0;1;0;0;0;;0;1;0;;0;;0;1;;0;0;0;0;0;0;1;0;;0;0;0;0;;0;1;0;0;;0;0;;0;0;0;0;0;0;0;0;0;;1;1;1;0;0;1;0;0;0;1;0;0
2017-11-06;1;1;0;0;0;0;;0;1;;;0;;;0;;;0;;;;;;;0;0;1;0;1;0;0;0;0;0;1;;0;0;0;0;;0;0;;0;0;0;0;0;1;0;0;0;0;0;1;;1;1;0;0;0;;1;0;0;0;0;1;1;0;0;0;0;;;0;0;0;;1;0;0;0;1;0;0;;0;1;0;1;0;0;0;;0;1;0;;0;;0;1;;0;0;0;0;0;0;1;0;;0;0;0;0;;0;1;0;0;;0;0;;0;0;0;1;0;0;0;0;0;;0;0;0;0;0;1;0;0;0;1;0;0
2018-01-09;0;0;1;1;0;0;;0;1;;;;;;0;;;0;;;;;;;0;0;0;;1;0;0;0;0;0;1;;0;1;0;0;;1;0;;0;0;0;0;0;1;0;0;0;0;0;;;1;1;0;0;0;;1;0;1;0;0;;1;0;1;0;0;;;0;0;0;;1;0;0;0;1;0;1;;0;1;0;;;0;0;;0;1;0;;0;;;1;;0;0;0;0;0;0;1;1;;0;0;1;0;;;1;0;0;;0;0;;1;0;0;1;0;0;0;1;1;;1;0;0;1;1;1;1;1;1;1;1;0
2018-02-10;1;;1;1;1;;;1;1;;;;;;;;;;;;;;;;1;1;;;1;0;;0;;0;1;;1;;;1;;1;0;;;0;;0;1;1;1;0;1;0;1;;;1;;;0;0;;1;1;1;;0;;;0;1;;0;;;0;0;0;;1;1;0;0;;0;1;;0;1;0;1;0;0;;;0;;0;;0;;;;;0;1;0;1;0;0;;;;1;0;;0;;;1;1;0;;0;0;;1;;;;;1;0;1;1;;1;1;0;1;1;1;1;1;1;1;1;0
2018-03-14;1;1;1;1;1;1;;1;1;;;;;;1;;;1;;;;;;;1;1;1;;1;1;0;0;1;1;1;;1;1;1;1;;1;1;;;0;1;1;0;1;1;0;1;1;1;1;;1;1;1;0;1;;1;;1;0;1;1;;1;1;0;0;;;0;1;1;;1;1;1;1;1;1;1;;0;1;1;1;0;1;1;;1;1;0;;1;;;1;;0;1;0;1;0;0;1;1;;1;0;1;1;;;1;1;0;;0;1;;1;0;0;1;1;1;0;1;1;;1;1;1;1;1;1;1;1;1;;1;1
2018-04-15;1;1;;1;1;0;;;1;;;;;;1;;;1;;;;;;;1;1;1;;1;1;0;0;0;0;1;;1;;1;1;;1;1;;;0;0;1;0;1;1;0;0;1;0;1;;1;1;0;0;1;;1;1;1;0;1;;;1;1;0;0;;;0;1;1;;1;1;1;0;1;1;1;;0;1;1;1;0;0;1;;1;1;0;;1;;;1;;0;1;0;1;0;0;;;;1;;1;1;;;1;1;0;;1;1;;1;1;0;;;1;0;1;1;;1;1;1;1;1;1;1;1;1;1;1;0
2018-05-01;1;1;;;1;;;0;1;;;;;;1;;;;;;;;;;;1;1;;;;0;0;;0;1;;1;;1;1;;1;;;;;1;1;;;;0;0;0;0;1;;1;;;0;;;1;1;1;0;1;1;;1;1;;0;;;0;;1;;1;1;;0;1;;1;;;;1;1;0;;1;;;1;0;;;;;1;;0;;;;;;;1;;0;;1;;;;;;;;0;1;;1;;0;;;1;0;;1;;1;;1;1;;;1;1;1;1;;
2018-06-18;1;1;1;1;1;0;;0;1;;;;;;0;;;1;;;;;;;1;1;1;;1;1;0;0;0;0;1;;1;1;0;0;;0;1;;0;0;1;1;0;1;1;0;1;1;1;1;;1;;0;0;0;;1;1;1;0;0;1;1;1;1;0;0;;;0;0;0;;1;1;0;0;1;1;1;;0;1;0;1;0;0;1;;1;1;0;;1;;;1;;0;1;0;1;0;0;1;1;;0;0;1;1;;;1;1;0;;0;1;;1;0;0;1;1;1;0;1;1;;1;1;1;1;1;1;1;1;1;1;1;0
2018-07-04;1;1;1;1;1;0;;0;1;;;;;;0;;;1;;;;;;;1;1;1;;1;1;0;0;0;0;1;;1;1;0;1;;0;1;;0;0;1;1;0;1;1;0;0;1;0;1;;1;1;0;0;0;;1;1;1;0;0;;1;1;1;0;0;;;0;0;0;;1;1;0;0;1;1;1;;0;1;0;1;0;0;0;;0;1;0;;1;;;1;;0;0;0;1;0;0;1;1;;0;0;1;1;;;1;1;0;;0;0;;1;0;0;1;1;1;0;1;1;;1;1;1;1;1;1;1;1;0;1;1;0
2018-07-20;1;;1;1;1;;;0;1;;;;;;0;;;0;;;;;;;1;0;;;1;1;;0;0;0;1;;1;1;0;1;;0;1;;0;0;1;1;0;1;1;0;0;1;0;1;;1;;0;0;0;;1;1;1;0;0;;;0;1;0;0;;;0;0;0;;1;1;;0;1;1;1;;0;1;0;1;0;;;;0;;1;;0;;;1;;0;1;0;0;1;0;1;;;0;0;;1;;;1;1;0;;0;0;;;0;0;1;;1;0;1;1;;1;;1;1;1;1;1;1;1;1;1;
2018-08-05;1;1;1;1;1;0;;0;1;;;;;;0;;;0;;;;;;;0;1;1;;1;1;0;0;0;0;1;;1;1;1;0;;0;1;;0;0;0;1;0;1;1;0;0;1;0;1;;1;1;1;0;0;;1;1;1;0;0;1;;0;0;0;0;;;0;0;0;;;1;0;0;1;1;0;;0;1;0;1;0;0;0;;0;1;1;;0;;;1;;0;0;0;0;1;0;1;1;;0;0;1;1;;;1;0;0;;0;0;;0;0;0;1;1;0;0;1;1;;1;1;1;1;1;1;1;1;1;1;1;0
2018-08-21;1;1;0;1;1;0;;0;1;;;;;;0;;;0;;;;;;;1;0;1;;1;1;0;0;0;0;1;;1;1;0;0;;0;1;;0;0;1;1;0;1;1;0;0;0;1;1;;1;1;0;0;0;;1;1;1;0;0;1;1;0;1;0;0;;;0;0;0;;1;1;0;0;1;1;0;;0;1;0;1;0;0;0;;0;1;1;;0;;;1;;0;0;0;0;1;0;1;1;;0;0;1;1;;;1;1;0;;0;0;;0;0;0;1;1;0;0;0;0;;1;1;1;1;1;1;1;1;1;1;1;0
2018-09-06;1;1;0;1;0;0;;0;1;;;;;;0;;;0;;;;;;;0;1;1;;1;1;0;0;0;0;1;;0;1;0;0;;0;0;;0;0;1;1;0;1;1;0;0;0;0;1;;1;1;0;0;0;;1;1;1;0;0;;;0;1;0;0;;;0;0;0;;1;0;0;0;1;1;0;;0;1;0;1;0;0;0;;0;1;1;;0;;;1;;0;0;0;0;0;0;1;0;;0;0;1;1;;;1;0;0;;0;0;;0;0;0;1;1;0;0;0;0;;1;1;1;0;1;1;0;1;1;1;1;0
2018-09-22;1;1;1;1;0;0;;0;1;;;;;;0;;;0;;;;;;;0;0;1;;1;1;0;0;0;0;1;;0;1;0;0;;0;0;;0;0;0;0;0;1;1;0;0;0;0;1;;1;1;1;0;0;;1;1;1;0;0;1;;0;0;0;0;;;0;0;0;;1;0;0;0;1;1;0;;0;1;0;1;0;0;0;;0;1;1;;0;;;1;;0;0;0;0;0;0;1;0;;0;0;1;1;;;1;1;0;;0;0;;0;0;0;1;1;0;0;0;0;;1;1;1;0;0;1;0;1;1;1;1;0
2018-10-08;0;1;0;0;0;0;;0;1;;;0;;;0;;;0;;;;;;;0;0;1;;1;1;0;0;0;0;1;;0;1;0;0;;0;0;;0;0;0;0;0;1;1;0;0;0;0;1;;1;1;0;0;0;;1;0;1;0;0;;1;0;1;0;0;;;0;0;0;;1;0;0;0;1;0;0;;0;1;0;1;0;0;0;;0;1;1;;0;;;1;;0;0;0;0;0;0;1;0;;0;0;0;0;;;1;0;0;;0;0;;0;0;0;1;1;0;0;0;0;;0;1;0;0;0;1;0;0;1;1;1;0
2018-10-24;0;0;;;;;;;;;;;;;;;;;;;;;;;;;;;;;;;;;;;0;;;;;;0;;;;;;;;;;;;;;;;1;;;;;1;0;;;;;;;;;;;;;;;;1;0;;;;;;;;0;;;1;0;;;;;;;;;;;;;0;;;;;;0;;;;0;;;;0;;;;;;;;;;;;0;;;;;;;;;;;;;;1;;
2018-11-09;0;0;0;0;0;0;;0;0;;;;;;0;;;0;;;;;;;0;0;1;;;0;0;0;0;;1;;0;0;0;0;;0;0;;0;0;0;0;0;1;;0;0;0;0;1;;0;1;0;0;0;;1;0;1;0;;;1;0;0;0;;;;;0;0;;1;0;0;0;1;0;0;;0;0;0;1;0;;0;;0;1;0;;0;;0;1;;;;;0;0;0;1;0;;0;0;0;0;;;0;;0;;0;0;;0;0;0;0;0;0;0;0;0;;0;0;0;0;0;0;0;0;0;0;0;0
2018-11-25;1;0;0;0;0;;;;0;;;;;;;;;;;;;;;;0;0;;;0;0;;0;;0;;;;;;;;0;0;;;;0;0;0;0;;0;0;;0;;;0;;0;0;0;;1;0;;0;0;;;0;0;0;0;;;0;0;;;1;0;0;0;1;1;0;;0;0;0;1;;0;;;;;0;;;;;1;;0;0;0;;0;0;1;0;;0;;0;0;;;0;0;0;;;0;;0;1;0;0;;0;0;0;0;;0;0;0;0;0;0;0;0;0;0;0;0
2018-12-11;1;1;0;1;0;0;;0;1;;;;;;0;;;1;;;;;;;1;1;1;;1;0;0;0;0;0;1;;0;0;1;0;;1;1;;0;0;0;0;0;1;1;0;0;0;1;1;;1;1;0;0;0;;1;0;1;0;0;;;0;0;0;0;;;0;0;0;;;1;0;0;1;0;1;;0;1;1;1;0;0;1;;0;1;1;;0;;;1;;0;1;0;0;0;0;1;1;;1;0;0;0;;;1;0;1;;1;0;;0;0;0;0;0;1;0;0;0;;0;0;1;1;0;0;0;0;1;1;1;1
2019-01-12;1;0;;1;1;0;;;;;;;;;0;;;0;;;;;;;0;;1;;1;;0;;;;1;;0;;0;0;;;1;;;;;0;;1;;;;0;0;1;;;1;0;0;;;;0;0;0;;1;;0;1;0;0;;;0;;0;;1;0;;0;1;0;1;;;;1;1;0;;0;;;1;0;;;;;;;0;;;;;0;;1;;;;1;;;;;;0;;0;0;;0;;0;;;0;0;;;;;;;;;;;;;;;
2019-03-01;1;1;0;1;1;0;;0;;;;;;;1;;;1;;;;;;;1;1;1;;1;1;0;0;0;;1;;0;1;1;1;;1;;;;0;0;1;0;0;1;0;;0;0;1;;;1;1;0;;;1;0;1;0;0;;;0;1;0;0;;;0;;0;;;1;1;0;1;0;;;0;;1;1;0;;1;;1;1;0;;1;;;1;;0;0;;1;1;0;1;1;;1;0;1;0;;;;0;0;;0;0;;1;0;0;1;1;0;0;;;;1;;;;;;;;1;0;1;
2019-04-02;1;1;0;1;1;0;;0;1;;;;;;0;;;1;;;;;;;1;1;1;;0;1;0;0;0;0;1;;0;1;0;0;;1;1;;0;0;0;1;0;1;1;0;0;0;0;;;1;1;0;0;0;;1;0;1;0;0;1;;1;1;0;0;;;0;1;0;;1;0;0;0;1;0;0;;0;1;1;1;0;0;0;;1;1;0;;1;;;1;;0;0;0;0;1;0;1;1;;0;0;1;0;;;1;0;0;;0;0;;1;0;0;1;1;0;0;1;1;;1;1;1;1;1;1;0;0;1;1;1;0
2019-04-18;1;;;1;;;;0;;;;;;;;;;;;;;;;;;1;;;1;;;;;0;;;0;;;;;;1;;;;;;0;1;;;0;;0;;;0;;;;;;1;0;1;;;;;0;1;;;;;0;1;;;;0;;;;;;;;1;1;1;0;;;;;;;;;;;1;;;;;;;;;;;0;;;;;;1;0;;;0;0;;1;;;;;0;;1;1;;1;;;1;0;1;0;0;1;0;;
2019-05-04;1;1;1;1;1;0;;0;1;;;1;;;1;;;1;;;;;;;1;1;1;;0;1;0;0;0;0;1;;0;1;0;1;;1;0;;0;0;0;0;0;1;0;0;0;0;1;1;;1;1;0;0;0;;1;0;1;0;0;1;1;0;1;0;0;;;0;1;0;;;0;0;0;1;0;0;;0;1;1;1;0;0;0;;1;1;0;;1;;;1;;0;0;0;0;0;0;1;1;;0;0;0;0;;;1;0;0;;0;0;;1;0;0;1;1;0;0;1;1;;1;1;1;1;0;1;0;0;0;0;1;0
2019-05-20;1;1;0;1;1;0;;0;1;;;1;;;0;;;0;;;;;;;1;1;1;;0;1;0;0;0;0;1;;0;1;0;0;;1;0;;0;0;0;0;0;1;0;0;1;0;0;1;;1;1;0;0;0;;1;0;1;0;0;;1;0;1;0;0;;;0;0;0;;1;0;0;0;1;0;0;;0;1;0;1;0;0;0;;1;1;0;;1;;0;1;;0;0;0;0;1;0;1;1;;0;0;0;0;;0;1;0;0;;0;0;;0;0;0;1;1;0;0;1;1;;1;1;1;1;0;1;0;1;0;0;1;0
2019-06-05;1;1;0;1;1;0;;0;1;;;1;;;0;;;0;;;;;;;0;1;1;0;0;1;0;0;0;0;1;;0;1;0;0;;1;0;;0;0;0;0;0;1;0;0;0;0;0;1;;1;1;0;0;0;;1;0;1;0;0;;1;0;1;0;0;;;0;0;0;;1;0;0;0;1;0;0;;0;1;0;1;0;0;0;;0;1;0;;1;;0;1;;0;0;0;0;1;0;1;1;;0;0;0;0;;0;0;0;0;;0;0;;0;0;0;1;1;0;0;1;0;;1;1;1;1;0;1;0;1;1;0;1;0
2019-06-21;1;1;0;1;1;0;;0;1;;;1;;;0;;;0;;;;;;;0;1;1;;0;;0;0;0;0;1;;0;1;0;0;;1;0;;0;0;0;0;0;1;0;0;0;0;0;;;1;;0;0;0;;1;0;1;0;0;1;1;0;1;0;0;;;0;0;0;;1;0;0;0;1;0;0;;0;1;0;1;0;0;0;;0;1;0;;1;;0;1;;0;0;0;0;1;0;1;0;;0;0;0;0;;0;0;0;0;;0;0;;0;0;0;1;1;0;0;1;1;;1;1;1;1;0;1;0;1;1;0;1;0
2019-07-07;1;1;0;1;0;0;;0;1;;;1;;;0;;;0;;;;;;;0;0;1;;0;1;0;0;0;0;1;;0;1;0;0;;0;0;;0;0;0;0;0;1;0;0;0;0;0;;;1;1;0;0;0;;1;0;1;0;0;1;1;0;1;0;0;;;0;0;0;;1;0;0;0;1;0;0;;0;1;0;1;0;0;0;;0;1;1;;1;;;1;;0;0;0;0;1;0;1;0;;0;0;0;0;;;0;0;0;;0;0;;0;0;0;1;1;0;0;1;1;;1;1;1;0;0;1;0;1;1;0;1;0
2019-07-23;1;1;0;0;0;0;;0;1;;;;;;0;;;0;;;;;;;0;1;1;;0;1;0;0;0;0;1;;0;1;0;0;;0;0;;0;0;0;0;0;;0;0;0;0;0;1;;1;1;0;0;0;;1;0;1;0;0;1;;0;0;0;0;;;0;0;0;;1;0;0;0;1;0;0;;0;1;0;1;0;0;0;;0;1;1;;0;;;1;;0;0;0;0;1;0;1;0;;0;0;0;0;;;0;0;0;;0;0;;0;0;0;1;1;0;0;0;0;;1;1;1;0;0;1;0;1;1;0;1;0
2019-08-08;1;0;0;0;0;0;;0;1;;;;;;0;;;0;;;;;;;0;1;1;;0;1;0;0;0;0;1;;0;1;0;0;;0;0;;0;0;0;0;0;1;0;0;0;0;0;1;;1;1;0;0;0;;1;0;1;0;0;1;;0;0;0;0;;;0;0;0;;1;0;0;0;1;0;0;;0;0;0;1;0;0;0;;0;1;1;;0;;;1;;0;0;0;0;1;0;1;0;;0;0;0;0;;;0;0;0;;0;0;;0;0;0;1;1;0;0;0;0;;1;1;0;0;0;0;0;1;0;0;0;0
2019-08-24;1;1;0;0;0;0;;0;0;;;;;;0;;;0;;;;;;;0;0;1;;0;1;0;0;0;0;1;;0;0;0;0;;0;0;;0;0;0;0;0;1;0;0;0;0;0;1;;0;1;0;0;0;;1;0;0;0;0;1;;0;0;0;0;;;0;0;0;;1;0;0;0;1;0;0;;0;0;0;1;0;0;0;;0;1;1;;0;;;1;;0;0;0;0;1;0;1;0;;0;0;0;0;;;0;0;0;;0;0;;0;0;0;0;1;0;0;0;0;;0;1;0;0;0;0;0;0;0;0;0;0
2019-09-09;0;0;0;0;0;0;;0;0;;;;;;0;;;0;;;;;;;0;0;1;;0;0;0;0;0;0;1;;0;0;0;0;;0;0;;0;0;0;0;0;1;0;0;0;0;0;;;0;;0;0;0;;1;0;0;0;0;1;;0;0;0;0;;;0;0;0;;1;0;0;0;1;0;0;;0;0;0;1;0;0;0;;0;1;1;;0;;;1;;0;0;0;0;1;0;1;0;;0;0;0;0;;;0;0;0;;0;0;;0;0;0;0;0;0;0;0;0;;0;0;0;0;0;0;0;0;0;0;0;0
2019-10-27;0;0;0;0;0;0;;0;0;;;;;;0;;;0;;;;;;;0;0;0;;0;0;0;0;0;0;1;;0;0;0;0;;0;;;0;0;0;0;0;0;0;0;0;0;0;1;;0;1;0;0;0;;0;0;0;0;0;0;1;0;0;0;0;;;0;0;0;;1;0;0;0;0;0;0;;0;0;0;0;0;0;0;;0;1;0;;0;;;1;;0;0;0;0;0;0;0;0;;0;0;0;0;;;0;0;0;;0;0;;0;0;0;0;0;0;0;0;0;;0;0;0;0;0;0;0;0;0;0;0;0
2019-11-12;0;0;0;0;0;;;0;0;;;;;;0;;;0;;;;;;;0;0;0;;0;0;0;0;;0;1;;0;0;;;;;0;;;0;0;0;0;0;;0;0;0;0;1;;0;0;;0;;;0;0;0;0;0;0;;0;;0;0;;;0;0;;;0;0;0;0;;0;;;0;0;0;0;0;0;0;;;1;0;;0;;;1;;0;;;;0;0;0;0;;0;0;0;0;;;0;;;;0;0;;0;0;0;0;0;1;0;0;0;;0;0;0;0;0;0;0;0;;0;0;0
2019-11-28;0;0;0;0;;;;0;0;;;;;;1;;;;;;;;;;0;0;1;;0;0;0;0;0;0;1;;0;1;0;0;;0;0;;;0;;0;0;0;1;0;0;0;0;1;;0;1;0;;;;0;0;0;;0;1;;0;0;0;0;;;;0;0;;0;0;1;0;0;0;0;;0;0;0;1;0;0;0;;0;1;0;;;;;1;;;0;0;0;0;0;1;0;;0;;0;0;;;0;0;0;;0;0;;1;;0;0;0;;0;0;0;;0;0;0;0;0;0;0;0;0;0;0;0
2019-12-14;0;0;0;0;0;;;0;0;;;;;;0;;;0;;;;;;;1;0;1;;0;0;0;;0;0;1;;0;0;0;;;0;0;;0;0;0;0;0;0;1;0;0;0;0;1;;0;1;;0;0;;1;0;1;0;0;;;0;1;0;0;;;0;0;0;;0;0;0;0;0;1;0;;0;0;0;1;0;0;1;;0;1;0;;0;;;1;;0;0;0;0;0;0;1;0;;0;;1;;;;1;0;0;;0;0;;1;0;0;;;1;0;0;0;;0;0;0;1;0;0;0;0;0;0;0;0
2019-12-30;0;0;;;0;0;;;0;;;;;;;;;;;;;;;;;0;0;;0;;0;;0;0;1;;0;;;;;0;;;;;;0;0;0;0;0;0;0;0;1;;0;;0;0;0;;0;0;1;0;0;;;0;0;0;0;;;0;0;0;;0;;;0;0;0;;;;0;0;0;0;0;0;;;;0;;;;;1;;0;;0;;;;;;;0;0;0;0;;;0;0;;;0;0;;0;;;;0;1;;0;0;;0;0;;0;0;0;0;0;0;0;;0
2020-03-19;1;;0;;1;;;0;0;;;;;;;;;;;;;;;;;1;;;;1;0;0;1;0;;;0;1;;;;;;;0;0;0;0;0;0;;0;0;0;0;1;;1;;;0;;;1;0;1;0;0;1;;0;1;1;0;;;0;;0;;;0;;1;0;0;;;;;1;1;0;;;;;;0;;0;;;1;;0;;;;0;0;1;;;0;0;1;;;;;;;;0;0;;;0;;0;;0;0;1;0;;;0;0;;0;0;0;1;0;0;;
2020-04-04;1;1;1;1;1;0;;0;0;;;;;;0;;;0;;;;;;;1;1;1;;1;1;0;0;0;0;1;;0;1;0;0;;1;0;;;0;0;0;0;0;1;0;0;0;0;1;;1;1;0;0;0;;1;0;1;0;0;1;;0;0;1;0;;;0;1;0;;1;0;1;1;1;0;1;;0;0;1;1;0;0;0;;1;1;0;;1;;;1;;0;0;0;1;0;0;1;1;;0;0;1;0;;;1;1;0;;0;1;;0;0;0;1;1;0;0;1;0;;0;0;0;0;1;0;0;1;1;1;1;
2020-04-20;1;1;1;1;1;0;;0;0;;;;;;0;;;0;;;;;;;1;1;1;;0;1;0;0;0;0;;;0;1;0;0;;0;0;;0;0;0;1;0;0;1;0;0;0;0;1;;1;1;0;0;0;;1;0;1;0;0;;1;0;0;0;0;;;0;1;0;;1;0;1;0;1;0;1;;0;0;1;1;0;0;0;;0;1;0;;0;;;1;;0;0;0;1;0;0;1;1;;0;0;1;0;;;1;1;0;;0;0;;0;0;0;0;1;0;0;1;1;;0;0;0;0;1;0;0;1;1;1;1;0
2020-05-06;1;1;1;1;0;0;;0;0;;;1;;;0;;;0;;;;;;;1;1;1;;0;1;0;0;0;0;;;0;1;0;0;;0;0;;0;0;0;1;0;0;1;0;0;0;0;;;1;1;0;0;0;;1;0;1;0;0;;1;0;1;0;0;;;0;0;0;;1;0;1;0;1;0;1;;0;0;0;1;0;0;0;;0;1;0;;1;;0;1;;0;0;0;0;0;0;1;1;;0;0;1;0;;;0;1;0;;0;0;;0;0;0;0;1;0;0;1;0;;0;0;0;0;1;0;0;1;1;1;1;0
2020-05-22;1;1;0;1;0;0;;0;0;;;1;;;0;;;0;;;;;;;1;0;1;;0;1;0;0;0;0;1;;0;1;0;0;;0;0;;0;0;0;0;0;0;1;0;0;0;0;1;;1;1;0;0;0;;1;0;1;0;0;1;1;1;0;0;0;;;0;0;0;;1;0;0;0;1;0;0;;0;0;0;1;0;0;0;;0;1;0;;0;;;1;;0;0;0;0;0;0;1;1;;0;0;1;0;;;0;0;0;;0;0;;0;0;0;0;1;0;0;1;0;;0;0;0;0;1;0;0;1;1;1;1;0
2020-06-07;1;;;1;0;0;;0;0;;;;;;;;;0;;;;;;;1;1;;;0;1;0;;0;0;1;;0;;0;0;;0;0;;0;;0;0;0;0;1;0;0;0;0;;;1;;;0;0;;1;0;1;0;0;1;;0;0;0;0;;;0;0;0;;1;0;0;0;1;0;0;;0;0;0;1;0;0;0;;0;1;0;;0;;;1;;0;0;0;0;0;0;1;;;0;;1;0;;;0;0;0;;0;0;;;;;0;1;0;0;1;0;;0;0;0;0;1;0;0;1;0;1;1;0
2020-06-23;1;1;0;1;0;0;;1;0;;;1;;;0;;;0;;;;;;;0;1;1;;0;1;0;0;0;0;;;0;0;0;0;;0;0;;0;0;0;0;0;0;0;0;0;0;0;;;1;1;0;0;0;;1;0;1;0;0;1;1;0;0;0;0;;;0;0;0;;1;0;0;0;1;0;0;;0;0;0;1;0;0;0;;0;1;0;;0;;0;1;;0;0;0;0;0;0;1;1;;0;0;1;0;;;0;0;0;;0;0;;0;0;0;0;1;0;0;0;0;;0;0;0;0;1;0;0;1;0;1;1;0
2020-07-25;1;1;0;0;0;0;;0;0;;;;;;0;;;0;;;;;;;0;1;1;;0;0;0;0;0;0;1;;0;0;0;0;;0;0;;0;0;0;0;0;0;0;0;0;0;0;1;;0;1;0;0;0;;1;0;1;0;0;1;1;0;0;0;0;;;0;0;0;;1;0;0;0;1;0;0;;0;0;0;1;0;0;0;;0;1;0;;0;;;1;;0;0;0;0;0;0;1;0;;0;0;1;0;;;0;0;0;;0;0;;0;0;0;0;0;0;0;0;0;;0;0;0;0;0;0;0;0;0;0;0;0
2020-08-10;1;1;0;0;0;0;;0;0;;;;;;0;;;0;;;;;;;0;1;1;;0;0;0;0;0;0;1;;0;0;0;0;;0;0;;0;0;0;0;0;0;0;0;0;0;0;1;;0;1;0;0;0;;1;0;0;0;0;;;0;0;0;0;;;0;0;0;;1;0;0;0;1;0;0;;0;0;0;1;0;0;0;;0;1;0;;0;;;1;;0;0;0;0;0;0;1;0;;0;0;1;0;;;0;0;0;;0;0;;0;0;0;0;0;0;0;0;0;;0;0;0;0;0;0;0;0;0;0;0;0
2020-08-26;1;0;0;0;0;0;;0;0;;;;;;0;;;0;;;;;;;0;1;1;;0;0;0;0;0;0;1;;0;0;0;0;;0;0;;0;0;0;0;0;0;0;0;0;0;0;1;;0;1;0;0;0;;1;0;0;0;0;;;0;0;0;0;;;0;0;0;;0;0;0;0;0;0;0;;0;0;0;1;0;0;0;;0;1;0;;0;;;1;;0;0;0;0;0;0;1;0;;0;0;0;0;;;0;0;0;;0;0;;0;0;0;0;0;0;0;0;0;;0;0;0;0;0;0;0;0;0;0;0;0
2020-09-11;1;0;0;0;0;0;;0;0;;;0;;;0;;;0;;;;;;;0;1;1;;0;0;0;0;0;0;1;;0;0;0;0;;0;0;;0;0;0;0;0;0;0;0;0;0;0;1;;0;1;0;0;0;;1;0;0;0;0;1;1;0;0;0;0;;;0;0;0;;0;0;0;0;0;0;0;;0;0;0;1;0;0;0;;0;1;0;;0;;;1;;0;0;0;0;0;0;1;0;;0;0;0;0;;;0;0;0;;0;0;;0;0;0;0;0;0;0;0;0;;0;0;0;0;0;0;0;0;0;0;0;0
2020-09-27;1;0;0;0;0;0;;0;0;;;0;;;0;;;0;;;;;;;0;0;1;;0;0;0;0;0;0;1;;0;0;0;0;;0;0;;0;0;0;0;0;0;0;0;0;0;0;1;;0;1;0;0;0;;1;0;0;0;0;0;1;0;0;0;0;;;0;0;0;;1;0;0;0;0;0;;;0;0;0;1;0;0;0;;0;0;0;;0;;0;1;;0;0;0;0;0;0;1;0;;0;0;0;0;;;0;0;0;;0;0;;0;0;0;0;0;0;0;0;0;;0;0;0;0;0;0;0;0;0;0;0;0
2020-10-13;1;0;0;0;0;0;;0;0;;;0;;;0;;;0;;;;;;;0;1;1;;0;0;0;0;0;0;1;;0;0;0;0;;0;0;;0;0;0;0;0;0;0;0;0;0;0;1;;0;1;0;0;0;;1;0;0;0;0;1;1;0;0;0;0;;;0;0;0;;0;1;0;0;0;0;0;;0;0;0;1;0;0;1;;0;0;0;;0;;;1;;0;0;0;0;0;0;1;0;;0;0;0;0;;;0;0;0;;0;0;;0;0;0;0;0;1;0;0;0;;0;0;0;0;0;0;0;0;0;0;0;0
2020-10-29;0;0;0;0;0;0;;0;0;;;;;;0;;;0;;;;;;;0;0;1;;0;0;0;0;0;0;1;;0;0;0;0;;0;0;;0;0;0;0;0;0;0;0;0;0;0;1;;0;1;0;0;0;;1;0;0;0;0;1;1;0;0;0;0;;;0;0;0;;1;1;0;0;0;0;0;;0;0;0;1;0;0;0;;0;0;0;;0;;;1;;0;0;0;0;0;0;1;0;;0;0;0;0;;;0;0;0;;0;0;;0;0;0;0;0;1;0;0;0;;0;0;0;0;0;0;0;0;0;0;0;0
2020-11-14;1;0;0;;0;0;;0;;;;;;;0;;;0;;;;;;;0;0;1;;0;0;0;0;0;;1;;0;0;;1;;0;;;;1;0;0;0;;0;0;0;0;;0;;0;1;0;0;0;;1;0;0;0;0;1;;0;;;0;;;0;0;0;;0;1;0;0;;0;1;;0;1;0;;;0;;;0;0;0;;;;;1;;0;0;0;0;0;0;1;1;;;0;0;0;;;1;0;0;;;;;0;0;0;0;0;1;0;0;0;;0;;;;0;0;0;0;;1;0;0
2021-02-18;1;1;;;;0;;0;1;;;;;;1;;;;;;;;;;;0;1;;1;;;;0;1;;;;1;;;;;;;;;1;1;1;;;0;1;;1;1;;1;1;;;;;;;;;0;0;;;1;0;;;;0;;;;1;;1;;;;;;0;1;;;;;1;;1;1;1;;;;;1;;;;;;0;;1;;;0;0;1;;;;1;1;1;;0;0;;1;0;0;;;;0;1;1;;1;1;1;1;1;1;1;1;1;;;
2021-03-06;1;1;1;1;1;1;;1;1;;;;;;1;;;0;;;;;;;1;1;1;;1;1;0;0;0;0;1;;1;1;1;1;;1;1;;;0;1;1;1;1;1;0;1;1;0;1;;1;1;1;0;0;;1;1;1;0;0;1;;0;1;0;1;;;0;1;1;;1;1;1;1;1;1;1;;0;1;1;1;0;1;1;;1;1;0;;1;;;1;;0;1;1;1;0;0;1;1;;0;0;1;0;;;1;1;1;;0;1;;1;0;0;1;1;1;0;1;1;;1;1;1;1;1;1;1;1;0;1;1;1
2021-04-07;1;1;1;1;1;1;;;1;;;;;;1;;;0;;;;;;;1;1;1;;;1;;0;0;;1;;1;1;;1;;1;1;;0;0;1;0;;;1;;;1;0;1;;;1;0;0;0;;1;1;1;0;;1;;0;;;0;;;0;1;;;;1;1;1;1;1;1;;0;;1;1;0;1;1;;1;1;0;;1;;;1;;0;1;1;1;;0;;1;;0;0;;0;;;;1;0;;0;;;1;0;0;;1;1;;1;;;;;;;;;;;;1;1;1
2021-04-23;1;1;1;1;1;0;;0;1;;;;;;1;;;0;;;;;;;1;1;1;;1;1;0;0;0;0;1;;1;1;1;1;;;1;;0;0;1;1;1;1;1;0;1;1;0;1;;1;1;1;0;0;;1;1;1;0;0;1;1;1;1;0;0;;;0;1;0;;1;1;1;1;1;1;1;;0;1;1;1;0;1;1;;1;1;0;;1;;;1;;0;0;1;1;0;;1;1;;0;;1;0;;;1;1;0;;0;0;;1;0;0;0;1;1;0;1;1;;1;1;1;1;1;1;1;1;1;1;1;1
2021-05-09;1;1;1;1;1;0;;0;1;;;1;;;1;;;0;;;;;;;1;1;;0;1;1;0;0;0;0;1;;1;1;0;1;;1;1;;0;0;1;1;1;1;1;0;1;1;0;1;;1;1;0;0;0;;1;1;1;0;0;1;1;0;1;0;0;;;0;1;0;;1;1;1;1;1;1;1;;0;1;1;1;0;0;1;;1;1;0;;1;;0;1;;0;0;0;1;0;0;1;1;;0;0;1;0;;0;1;1;0;;0;0;;1;0;0;0;1;1;0;1;1;;1;1;1;1;1;1;1;1;0;1;1;0
2021-05-25;1;1;1;1;1;0;;0;1;;;1;;;0;;;0;;;;;;;1;1;1;0;1;1;0;0;0;0;1;;1;1;0;1;;1;1;;0;0;1;1;1;1;1;0;1;1;0;1;;1;1;0;0;0;;1;1;0;0;0;;1;0;1;0;0;;;0;1;0;;1;1;0;1;1;1;1;;0;1;1;1;0;0;1;0;1;1;0;;0;;0;1;;0;0;0;1;0;0;1;1;;0;0;1;0;;0;1;1;0;;0;0;;1;0;0;0;1;1;0;1;1;;1;1;1;1;1;1;1;1;1;1;1;0
2021-06-10;1;1;1;1;1;0;;0;1;;;1;;;0;;;0;;;;;;;1;1;1;0;1;1;0;0;0;0;1;;1;1;0;1;;1;1;;0;0;0;1;0;1;1;0;1;1;0;1;;1;1;0;0;0;;1;1;1;0;0;1;1;0;1;0;0;;;0;1;0;;1;1;0;1;1;1;1;;0;1;1;1;0;0;1;0;0;1;0;;0;;0;1;;0;0;0;1;0;0;1;1;;0;0;1;0;;1;1;1;0;;0;0;;1;0;0;0;1;1;0;1;1;;1;1;1;1;1;1;1;1;1;1;1;0
2021-06-26;1;1;1;1;1;0;;0;1;;;1;;;0;;;0;;;;;;;1;1;1;0;1;1;0;0;0;0;1;;1;1;0;1;;1;1;;0;0;1;1;0;1;1;0;0;1;0;1;;1;1;0;0;0;;1;1;1;0;0;1;1;0;1;0;0;;;0;0;0;;1;1;0;1;1;1;1;;0;1;1;1;0;0;1;;0;1;0;;0;;0;1;;0;0;0;1;1;0;1;0;;0;0;1;0;;0;1;1;0;;0;0;;1;0;0;0;1;1;0;1;1;;1;1;1;1;1;1;1;1;0;1;1;0
2021-07-12;1;1;1;1;1;0;;0;1;;;;;;0;;;0;;;;;;;0;1;1;;1;1;0;0;0;0;;;0;1;0;1;;1;1;;0;0;0;0;0;1;1;0;0;1;0;1;;1;1;0;0;0;;1;1;0;0;0;1;;0;1;0;0;;;0;1;0;;1;1;0;0;1;1;1;;0;1;0;1;0;0;1;;0;1;0;;0;;;1;;0;0;0;0;1;0;1;0;;0;0;1;0;;;1;1;0;;0;0;;1;0;0;0;1;1;0;0;1;;1;1;1;1;1;1;1;1;0;1;1;0
2021-07-28;1;1;1;1;1;0;;0;1;;;;;;0;;;0;;;;;;;0;1;1;;1;1;0;0;0;0;1;;0;1;0;1;;1;1;;0;0;0;1;0;1;1;0;0;1;1;1;;1;1;1;0;0;;1;1;1;0;0;1;1;0;1;0;0;;;0;0;0;;1;1;0;1;1;1;1;;0;1;0;1;0;0;0;;0;1;1;;0;;;1;;0;0;0;0;1;0;1;0;;0;0;1;0;;;1;1;0;;0;0;;1;0;0;0;1;1;0;0;0;;1;1;1;0;1;1;1;1;0;1;1;0
2021-08-13;1;1;0;1;1;0;;0;1;;;;;;0;;;0;;;;;;;0;1;1;;1;1;0;0;0;0;;;0;1;0;0;;1;1;;0;0;0;1;0;1;1;0;0;1;0;1;;1;1;0;0;0;;1;1;0;0;0;1;1;0;1;0;0;;;0;0;0;;1;1;0;0;0;0;0;;0;1;0;1;0;0;0;;0;1;1;;0;;;1;;0;0;0;0;1;0;1;0;;0;0;1;0;;;1;1;0;;0;0;;1;0;0;0;0;1;0;0;0;;1;1;1;0;0;1;0;1;0;1;1;0
2021-08-29;1;1;0;1;1;0;;0;1;;;;;;0;;;0;;;;;;;0;1;1;;0;1;0;0;0;0;1;;0;1;0;0;;0;1;;0;0;0;0;0;1;1;0;0;1;0;1;;1;1;0;0;0;;1;1;1;0;0;1;1;0;0;0;0;;;0;0;0;;;1;0;0;0;0;0;;0;1;0;1;0;0;0;;0;1;1;;0;;;1;;0;0;0;0;1;0;1;0;;0;0;1;0;;;1;0;0;;0;0;;1;0;0;0;0;1;0;0;0;;1;1;1;0;0;1;0;1;0;1;1;0
2021-09-14;1;0;0;1;1;0;;0;1;;;;;;0;;;0;;;;;;;0;1;1;;0;0;0;0;0;0;1;;0;1;0;0;;0;1;;0;0;0;0;0;1;1;0;0;1;0;;;1;1;0;0;0;;1;0;0;0;0;1;1;0;0;0;0;;;0;0;0;;1;1;0;0;0;0;0;;0;1;0;1;0;0;0;;0;1;1;;0;;;1;;0;0;0;0;0;0;1;0;;0;0;1;0;;;1;0;0;;0;0;;1;0;0;0;0;0;0;0;0;;0;1;0;0;0;1;0;1;0;1;1;0
2021-09-30;1;0;0;0;1;0;;0;1;;;;;;0;;;0;;;;;;;0;1;1;;0;0;0;0;0;0;1;;0;1;0;0;;0;1;;0;0;0;0;0;1;0;0;0;0;0;1;;0;1;0;0;0;;1;0;1;0;0;1;;0;0;0;0;;;0;0;0;;1;1;0;1;0;0;0;;0;1;0;1;0;0;0;;0;1;1;;0;;;1;;0;0;0;0;0;0;1;0;;0;0;1;0;;;1;0;0;;0;0;;1;0;0;0;0;0;0;0;0;;0;0;0;0;0;1;0;0;0;1;1;0
2021-10-16;1;1;0;0;0;0;;0;1;;;0;;;0;;;0;;;;;;;0;1;1;;0;0;0;0;0;0;1;;0;1;0;0;;0;0;;0;0;0;0;0;1;0;0;0;1;0;1;;0;1;0;0;0;;1;0;0;0;0;1;1;0;0;0;0;;;0;0;0;;1;1;0;0;0;0;0;;0;0;0;1;0;0;0;;0;1;1;;0;;0;1;;0;0;0;0;0;0;1;0;;0;0;1;0;;0;1;0;0;;0;0;;1;0;0;0;0;0;0;0;0;;0;0;0;0;0;0;0;0;0;1;0;0
2021-11-01;1;0;;0;0;0;;0;0;;;;;;0;;;0;;;;;;;0;1;1;;0;0;0;0;0;0;;;0;1;0;0;;0;0;;;;0;0;0;0;0;0;0;0;0;1;;0;1;;0;0;;1;0;1;;0;1;;0;1;0;0;;;0;0;0;;1;1;0;0;0;0;0;;0;1;0;;0;0;0;;0;0;0;;;;0;1;;0;0;0;0;0;;1;0;;0;0;0;0;;;0;0;0;;0;0;;0;;0;0;0;0;0;0;0;;0;0;0;0;0;0;0;0;0;1;0;0
2021-11-17;1;0;0;;0;0;;0;;;;;;;0;;;0;;;;;;;0;1;1;;;0;0;0;;0;1;;0;0;;0;;0;;;;0;0;0;0;0;0;;;0;0;1;;;1;0;0;;;1;0;0;0;0;1;;0;0;0;0;;;0;;0;;1;1;0;0;0;;0;;0;;;1;0;;0;;0;0;0;;0;;;1;;0;0;0;;0;0;1;0;;0;0;0;0;;;;0;0;;0;0;;0;0;0;0;0;0;0;;;;;0;;0;;;;;0;1;0;
2021-12-03;1;0;0;0;0;0;;0;0;;;;;;0;;;0;;;;;;;0;0;1;;0;0;0;0;0;0;1;;0;0;0;0;;0;0;;0;0;0;0;0;0;0;0;0;0;0;1;;0;1;0;0;0;;1;0;0;0;0;1;;0;0;0;0;;;0;0;0;;1;1;0;0;0;0;0;;0;0;0;1;0;0;0;;0;1;1;;0;;;1;;0;0;0;0;0;0;1;0;;0;0;0;0;;;0;0;0;;0;0;;0;0;0;0;0;0;0;0;0;;0;0;0;0;0;0;0;0;0;1;1;0
2022-01-04;1;;;1;1;0;;;0;;;;;;;;;1;;;;;;;;;;;0;;;0;1;0;1;;;0;1;;;0;1;;;0;1;;;1;1;0;1;;;;;1;1;1;;;;;;1;0;0;1;;;;1;0;;;;1;;;1;;0;1;0;1;1;;0;1;1;1;;0;0;;;1;;;0;;;;;0;1;0;1;0;0;;;;;;;;;;1;0;;;;0;;1;0;0;;;;;1;;;1;0;0;;1;1;;1;;;1;0
2022-01-20;1;1;1;1;1;0;;0;1;;;;;;1;;;1;;;;;;;1;1;1;;1;;0;0;0;1;1;;0;1;1;1;;0;;;0;0;1;1;1;1;1;0;1;1;0;1;;1;1;1;0;0;;1;1;1;0;0;1;;1;0;1;0;;;0;1;0;;1;1;1;1;1;1;1;;0;1;1;1;0;1;;;;;0;;;;;1;;0;1;0;;0;;;1;;1;0;1;;;;1;0;0;;0;1;;1;0;0;1;;1;0;1;1;;1;1;1;1;1;1;1;1;1;1;1;1
2022-02-21;1;1;1;1;1;0;;0;1;;;;;;1;;;1;;;;;;;1;1;1;;1;1;;0;0;0;1;;0;1;1;1;;1;1;;;0;1;1;0;1;1;0;1;0;0;1;;1;1;1;0;0;;1;0;1;0;0;0;;1;0;1;0;;;0;1;0;;1;1;1;1;1;1;1;;0;1;1;1;0;0;1;;1;1;1;;1;;;1;;0;1;0;1;0;0;1;1;;1;0;1;1;;;1;0;0;;0;1;;1;0;0;1;1;1;0;1;1;;1;1;1;1;1;1;1;1;1;1;1;0
2022-03-09;1;;;;1;0;;;;;;;;;;;;;;;;;;;;1;;;;;;;;;;;;;;1;;1;;;;0;;;1;;;0;;0;;;;;1;;;;;;;1;;0;1;;1;1;;0;;;;1;0;;;;1;0;1;;;;0;;;;1;;;;;;;;1;;;;;0;0;;;;;;;;0;0;1;;;;;;;;0;1;;1;;0;;1;1;0;;;;;;;;;;;;;1;1;
2022-04-26;1;1;1;1;1;0;;0;1;;;0;;;1;;;1;;;;;;;1;1;1;0;1;1;0;0;0;0;1;;0;1;1;1;;1;1;;0;0;1;1;1;1;1;0;1;1;0;;;1;1;1;0;0;;1;0;1;0;0;0;1;1;0;1;0;;;0;1;0;;1;0;1;0;1;1;1;;0;1;0;1;0;0;1;0;1;1;0;;1;;0;1;;0;0;0;1;0;0;1;1;;0;0;1;0;;0;1;0;0;;0;1;;1;0;0;1;1;0;0;1;1;;1;1;1;1;1;1;1;1;1;1;1;0
2022-05-12;1;1;0;1;1;0;;0;1;;;0;;;0;;;1;;;;;;;1;1;1;0;1;1;0;0;0;0;1;;0;1;1;1;;1;1;;0;0;1;1;1;1;1;0;1;0;0;;;1;1;1;0;0;;1;0;1;0;0;1;1;1;0;0;0;;;0;1;0;;1;0;1;0;1;1;1;;0;1;1;1;0;0;1;0;1;1;0;;1;;0;1;;0;0;0;1;0;0;1;1;;0;0;1;0;;0;1;1;0;;0;0;;1;0;0;1;1;0;0;1;1;;1;1;1;1;1;1;1;1;1;1;1;0
2022-05-28;1;1;0;1;1;0;;0;1;;;;;;0;;;1;;;;;;;1;1;1;;1;1;0;0;0;0;1;;0;1;1;1;;1;1;;0;0;1;1;1;1;1;0;0;0;0;1;;1;1;1;0;0;;1;0;0;0;0;1;1;1;1;0;0;;;0;1;0;;1;0;1;0;1;1;1;;0;1;1;1;0;0;1;;1;1;0;;1;;;1;;0;0;0;1;0;0;1;1;;0;0;1;0;;;0;0;0;;0;0;;1;0;0;1;1;0;0;;1;;1;1;1;1;1;1;1;1;1;1;1;0
2022-06-13;1;1;0;1;0;0;;0;1;;;0;;;0;;;1;;;;;;;1;1;1;0;1;;0;0;0;0;1;;0;1;1;1;;1;0;;0;0;1;0;0;1;1;0;1;1;1;1;;1;;1;0;0;;1;0;1;0;0;1;1;0;1;1;0;;;0;1;0;;;0;0;0;0;1;1;;0;1;0;1;0;0;1;0;1;1;0;;1;;0;1;;0;0;0;1;1;0;1;1;;0;0;1;0;;0;0;0;0;;0;0;;1;0;0;1;1;0;0;1;;;1;1;1;1;1;1;1;1;1;1;1;0
2022-07-15;1;1;0;1;0;0;;0;1;;;;;;0;;;1;;;;;;;1;1;1;;0;1;0;0;0;0;1;;0;1;1;1;;1;0;;0;0;1;0;0;1;0;0;1;0;1;1;;1;1;1;0;0;;1;0;0;0;0;1;;0;1;0;0;;;0;0;0;;;0;0;0;1;0;1;;0;1;0;1;0;0;1;;1;1;1;;1;;;1;;0;0;0;0;1;0;1;0;;0;0;1;0;;;0;0;0;;0;0;;1;0;0;1;1;0;0;1;1;;1;1;1;1;1;1;1;1;0;1;1;0
2022-07-31;1;1;1;1;0;0;;0;1;;;1;;;0;;;1;;;;;;;0;1;;0;1;1;0;0;0;0;1;;0;1;1;1;;1;0;;0;0;0;0;0;1;0;0;0;0;1;1;;1;1;0;0;0;;1;0;1;0;0;1;1;0;1;0;0;;;0;0;0;;;0;0;0;1;0;0;;0;1;0;1;0;0;0;0;0;1;1;;1;;0;1;;0;0;0;0;1;0;1;0;;0;0;1;0;;0;0;0;0;;0;0;;1;0;0;0;1;0;0;1;1;;1;1;1;1;1;1;1;1;0;1;1;0
2022-08-16;1;1;0;1;0;0;;0;1;;;0;;;0;;;0;;;;;;;0;1;1;0;0;1;0;0;0;0;1;;0;1;1;0;;1;0;;0;0;1;0;0;1;0;0;1;0;0;1;;1;1;1;0;0;;1;0;1;0;0;1;1;0;1;0;0;;;0;0;0;;1;0;0;0;1;0;0;;0;1;0;1;0;0;0;0;0;1;1;;1;;0;1;;0;0;0;0;1;0;1;1;;0;0;1;0;;0;0;0;0;;0;0;;1;0;0;0;1;0;0;1;1;;1;1;1;1;1;1;1;1;0;1;1;0
2022-09-01;0;1;0;0;0;0;;0;1;;;0;;;0;;;0;;;;;;;0;1;1;;0;1;0;0;0;0;1;;0;1;0;0;;0;0;;;0;1;0;0;1;0;0;0;0;0;1;;1;1;1;0;0;;1;0;0;0;0;1;;0;1;0;0;;;0;0;0;;1;0;0;0;0;0;0;;0;1;0;1;0;0;0;;0;1;1;;1;;;1;;0;0;0;0;0;0;;0;;0;;1;0;;0;0;0;0;;0;0;;1;0;0;0;1;0;0;0;0;;1;1;1;0;1;0;1;1;0;1;1;0
2022-09-17;0;0;1;0;0;0;;0;1;;;0;;;0;;;0;;;;;;;0;1;1;0;0;1;0;0;0;0;1;;0;1;0;0;;0;0;;0;0;1;0;0;1;0;0;0;0;0;1;;1;1;0;0;0;;1;0;0;0;0;1;1;0;1;0;0;;;0;0;0;;1;0;0;0;1;0;0;;0;0;0;1;0;0;0;0;0;1;1;;1;;0;1;;0;0;0;0;0;0;1;0;;0;0;1;0;;0;0;0;0;;0;0;;1;0;0;0;1;0;0;0;0;;1;1;0;0;1;0;0;1;0;1;1;0
2022-10-03;0;0;0;0;0;0;;0;0;;;0;;;0;;;0;;;;;;;0;1;1;0;0;1;0;0;0;0;1;;0;1;0;0;;0;0;;0;0;1;0;0;1;0;0;0;0;0;1;;1;1;0;0;0;;1;0;0;0;0;1;1;1;0;0;0;;;0;0;0;;1;0;0;0;1;0;0;;0;0;0;1;0;0;0;;0;1;1;;0;;0;1;;0;0;0;0;0;0;1;0;;0;0;0;0;;0;0;0;0;;0;0;;0;0;0;0;1;0;0;0;0;;1;1;0;0;0;0;0;1;0;1;1;0
2022-11-04;1;0;0;0;0;0;;0;0;;;0;;;0;;;0;;;;;;;0;0;1;0;0;1;0;0;0;0;1;;0;1;0;0;;0;0;;0;0;1;0;0;1;0;0;0;;0;1;;1;1;0;;0;;1;0;0;0;0;1;1;0;;;0;;;0;0;;;1;1;0;0;0;0;0;;0;0;0;1;0;0;0;0;0;1;1;;0;;0;1;;0;0;0;0;1;0;1;0;;0;0;1;0;;0;0;0;0;;0;0;;0;0;0;0;1;0;0;1;1;;0;1;0;1;0;0;1;1;;1;1;0
2022-11-20;1;1;1;0;0;;;;1;;;;;;0;;;0;;;;;;;0;;0;;0;1;0;0;0;0;;;;1;;;;0;0;;0;0;1;;0;1;0;0;0;;0;;;1;1;0;0;0;;1;0;0;0;;1;1;;1;1;0;;;0;0;0;;;;0;0;0;0;0;;0;0;1;;;0;;;;;1;;1;;;1;;0;0;0;;0;0;1;1;;0;0;;1;;;0;0;0;;;0;;0;0;0;0;1;;0;1;1;;0;1;0;0;0;0;0;1;0;0;1;0
